user_id,event_name,timestamp
68957d7e-de22-48b4-be7c-6129e72292d2,EXCHANGE_MADE,4/5/2022
6d2a5d3c-2536-4aeb-997c-194e42e698c2,ADDED_TO_CART,3/11/2023
a551164e-40b4-4bea-944f-4c3ff665c453,LOGIN,10/2/2022
88e47040-ec4c-45b0-af48-f8bf6c88772a,LOGIN,9/17/2022
518c6216-f0c0-41d1-9679-7d912e998161,EXCHANGE_MADE,1/13/2023
5f268d0b-a63b-40f7-aa5e-105ace3f952b,ADDED_TO_WISHLIST,6/5/2022
302f944e-8715-4c16-98de-633d482533f1,RETURN_MADE,2/2/2023
5c933047-df84-4855-9430-165935cd77f2,PURCHASE_MADE,9/6/2022
ab71ddc6-6442-49ef-8c00-34916b1b4a89,ADDED_TO_CART,11/28/2022
60c088e1-02e9-4835-9b7c-9b29c94640c9,LOGIN,8/30/2022
0f037285-fb19-4200-af42-4d48f65aa5e7,EXCHANGE_MADE,1/27/2023
077de7b4-9c34-4120-8b47-f5a63165bd5b,ADDED_TO_CART,5/21/2022
8708cb35-d9fb-417e-a10a-627ce9ada052,ADDED_TO_CART,12/1/2022
f26adaec-6ed3-4eff-b5a6-5bd2429e1121,ADDED_TO_CART,5/29/2022
b324834a-ea62-419f-8fef-35d3f5ed85dd,ADDED_TO_CART,10/17/2022
ccedbe31-7dcd-4e6c-a8f7-8b0c3928c652,ADDED_TO_WISHLIST,5/6/2022
a3151c03-89af-4066-b09e-0787b6df4d2c,ADDED_TO_WISHLIST,5/25/2022
a78ae461-0ba9-4dd5-a039-130b3b273784,LOGIN,11/21/2022
17b1e111-97f1-4854-98c3-e181266b4d98,LOGOUT,5/10/2022
992f0574-8cfb-463d-95e4-590288c2e55f,ADDED_TO_WISHLIST,5/23/2022
b2a715ca-da79-4a49-9821-b712e6c50216,ADDED_TO_WISHLIST,2/24/2023
bb1027cd-14be-432a-b413-ef8b70b4db49,RETURN_MADE,10/11/2022
0702ecff-3677-4552-a232-e78e36affc30,PURCHASE_MADE,5/24/2022
4131dbfd-3e4b-43eb-9dc7-2be3e2b6d18a,LOGIN,4/24/2022
8b7d925a-2ba1-41ab-84e2-fb7819a1e666,EXCHANGE_MADE,2/11/2023
86dc574d-cfbb-431c-9667-4bbf8fe446f0,EXCHANGE_MADE,3/16/2023
077de7b4-9c34-4120-8b47-f5a63165bd5b,RETURN_MADE,2/8/2023
b4d042d4-03d3-40e9-83f9-e312cf554ef3,LOGOUT,10/30/2022
73608e8e-239c-4f05-9248-de61d0690fa3,LOGOUT,10/26/2022
1af44719-278a-4d86-97e9-dc7a0f3e77a9,ADDED_TO_CART,1/1/2023
f494e1e7-80e5-467d-bea4-77b719c5104b,ADDED_TO_WISHLIST,5/2/2022
f7554dbf-0ae6-4187-8481-c39422d8ccec,EXCHANGE_MADE,9/19/2022
5deca655-4c1e-4c27-96b1-b2a7fde11108,ADDED_TO_CART,1/5/2023
b996db49-46a1-4456-80be-abc754e9ace2,EXCHANGE_MADE,2/20/2023
c58b6cf9-5a95-4eff-92af-53815f1896bc,EXCHANGE_MADE,1/14/2023
b857e741-9ae0-4b56-bbc6-e24393148c31,EXCHANGE_MADE,7/19/2022
1c017598-c48d-401a-9411-1c22fe02c398,PURCHASE_MADE,3/28/2022
6a6ca627-de8a-43f5-b9fc-ad4587bbb1c2,EXCHANGE_MADE,12/4/2022
2061164a-446b-41a6-b177-2f1f01410d62,EXCHANGE_MADE,5/10/2022
a65d71ff-51d3-4ff1-b17a-a3f2109e81a2,LOGIN,1/14/2023
9ba916b0-3fe7-454c-a923-e37cd9db0cbb,EXCHANGE_MADE,1/10/2023
5e4f1e04-682c-402a-9d09-9f6dd975243b,ADDED_TO_CART,3/29/2022
abfc2e50-bc51-4ab1-9b4d-0440e50574db,LOGIN,4/10/2022
b9b7ec73-7746-447e-a5f8-1ed774c0f336,RETURN_MADE,2/8/2023
ce3d80c6-74e6-4112-8c3c-72347af4c2ec,ADDED_TO_WISHLIST,8/20/2022
78c4aa64-989a-45f1-b99b-3cadd29d06d2,EXCHANGE_MADE,3/25/2022
6455298a-88a3-4ecd-9110-c40d2bd5e40f,ADDED_TO_CART,8/11/2022
68957d7e-de22-48b4-be7c-6129e72292d2,PURCHASE_MADE,2/10/2023
ec4d34bb-ffca-4a3d-a153-058d85e82959,EXCHANGE_MADE,11/16/2022
60f45218-2358-4104-a7a2-0071607375d0,ADDED_TO_CART,8/3/2022
43fab9b9-87ea-4e10-a66b-0c32ef81d3d8,ADDED_TO_CART,8/4/2022
ce766b83-7bd1-4c1a-906d-5d7e6cfddedf,RETURN_MADE,2/17/2023
60c088e1-02e9-4835-9b7c-9b29c94640c9,LOGIN,3/4/2023
8a3830ac-e419-411d-8916-8528908bb71c,LOGIN,4/5/2022
e1d7f7bb-56f9-47bd-8840-71ea54b64c5b,ADDED_TO_WISHLIST,2/11/2023
63b19150-0b63-4bf0-bd3b-a4dcdee1efa2,ADDED_TO_CART,1/23/2023
0f21b7ba-6031-4c75-90fe-23de9c192949,PURCHASE_MADE,5/17/2022
81d094b6-8f2f-47af-8ad9-84f826a4ec72,PURCHASE_MADE,4/14/2022
1db61dd9-78b8-4575-be75-c01373c9ae92,PURCHASE_MADE,9/10/2022
d033a758-6ca0-4589-bf34-ba3b65210d71,ADDED_TO_CART,1/16/2023
6aa503c8-25bd-4f12-bfd8-e4648ab97512,RETURN_MADE,6/30/2022
9102d65d-8048-45c0-b63a-a8301f4dcf53,EXCHANGE_MADE,11/24/2022
f3a99b64-c635-41e9-a7df-c122279d774f,LOGOUT,1/20/2023
0c28c316-894f-45c6-840d-cb05aa8fa169,EXCHANGE_MADE,11/2/2022
9bc5a8ad-4f47-4ed3-b31b-0f1138cfc8cc,LOGIN,11/16/2022
14b0f2f8-baf3-42e6-85df-7121e1965e98,LOGIN,12/16/2022
0ba219ce-878f-4022-86fa-34762e61ebfc,PURCHASE_MADE,1/19/2023
090168f6-8527-4cc8-885b-ee7877aecddc,PURCHASE_MADE,5/14/2022
49843153-b583-498a-ad03-8438eb8df73d,PURCHASE_MADE,9/14/2022
3d12b86c-2778-4dbd-bf39-cd22327ec8c8,PURCHASE_MADE,9/22/2022
bf526515-1a6d-49e4-87d4-209272bca79d,ADDED_TO_CART,5/25/2022
eb1abbab-dc25-4299-8916-884f106ce008,LOGIN,6/9/2022
46759f5e-6f09-4488-b855-674b4d773ff1,PURCHASE_MADE,6/29/2022
2d43b8cc-f986-4673-8f60-1543a7d968a1,EXCHANGE_MADE,4/8/2022
9f945a4f-dc67-40f5-a5ea-2855372679b3,ADDED_TO_WISHLIST,9/8/2022
5d56fdaf-0896-4d65-8cd7-d345c4bbc0f9,ADDED_TO_CART,9/5/2022
b8d0e989-54ad-4f92-8222-671cb751bddd,LOGOUT,2/9/2023
071e3cde-46d0-48e7-bafc-4f36b185508a,PURCHASE_MADE,10/8/2022
56e09b9e-f703-4912-85ea-2d04a3d782d0,EXCHANGE_MADE,1/10/2023
112f31d0-3236-4030-8cb2-7d396ff4a76c,ADDED_TO_WISHLIST,2/12/2023
4864984a-ccb0-4986-b177-879142609a73,ADDED_TO_CART,12/21/2022
27f6f208-ea79-4620-bcb2-6ee9234068ac,ADDED_TO_WISHLIST,11/2/2022
4706c6fc-f497-4387-ae7a-f8576da06402,RETURN_MADE,1/29/2023
302f944e-8715-4c16-98de-633d482533f1,ADDED_TO_WISHLIST,5/6/2022
5212cdb2-2ab4-4708-99f9-745074c3dbfc,ADDED_TO_CART,11/10/2022
7414983f-5317-4731-af97-dab786b9347b,LOGOUT,3/28/2022
2a989fab-0e13-4d2b-bc7c-7236b6c27e0e,PURCHASE_MADE,4/21/2022
36172db0-d741-4dd7-8a51-35adc66b01ce,ADDED_TO_CART,11/26/2022
00b4e1fc-1ff8-47f9-99e3-e2675cf948ad,ADDED_TO_CART,3/3/2023
48277d9e-e526-483c-925d-8eb42bda88a1,PURCHASE_MADE,5/16/2022
4afb303f-298b-4829-8250-787c1c7d5a4b,ADDED_TO_CART,2/11/2023
cf1c2f9c-1440-41e9-977f-e273a1b62738,EXCHANGE_MADE,5/2/2022
4623ee35-9a90-46bd-a21c-5cb224a958af,ADDED_TO_CART,8/30/2022
f180f05c-33c8-4130-998a-3f68a7b05d06,ADDED_TO_CART,2/1/2023
56492b57-8801-42ae-8f18-85bb1a2b3bcf,ADDED_TO_CART,3/22/2022
f56fa3b7-2681-4392-88c8-ff6727d46822,EXCHANGE_MADE,2/3/2023
46d032e7-e9bf-4d23-b15a-b46852d5bbe0,ADDED_TO_CART,6/8/2022
037baf3d-0b17-4689-9171-e6cc9c782b0a,LOGOUT,5/22/2022
da8f2b9d-7db1-40c6-991f-169fe6ab5e78,LOGOUT,3/5/2023
59a8ed1d-a062-4134-9014-7213a0604526,PURCHASE_MADE,5/31/2022
1080d5fb-822c-482a-a0d5-523547f6d730,LOGIN,6/19/2022
51ae9037-c45e-4e3d-bc0c-4165cb3e773a,PURCHASE_MADE,4/9/2022
246881f9-3857-4adf-a332-f6e2defee50b,EXCHANGE_MADE,5/7/2022
81d094b6-8f2f-47af-8ad9-84f826a4ec72,RETURN_MADE,4/27/2022
a1ba3a1a-6cbf-4401-94b8-56d6a388a67b,EXCHANGE_MADE,4/3/2022
d0e8e2d4-8858-4178-bdf1-a2a5c67048a2,RETURN_MADE,2/13/2023
b84a5085-6956-4c86-9e0a-705dcea61a0e,PURCHASE_MADE,5/14/2022
e74b39c4-348e-4319-8db1-530e47c55222,EXCHANGE_MADE,12/5/2022
944dbe60-715c-497c-a78b-29f45f8257b5,RETURN_MADE,4/14/2022
a2deebfe-3a8b-49f1-acf0-69a46c11fbb7,PURCHASE_MADE,11/4/2022
6c5348e9-961b-481f-882a-5ce91a769b36,ADDED_TO_WISHLIST,8/22/2022
112f31d0-3236-4030-8cb2-7d396ff4a76c,LOGOUT,6/7/2022
f05b2d74-9fe9-4ad8-9695-a949a3e6a1e9,RETURN_MADE,10/28/2022
b697b2aa-39be-4965-b40a-212fb8019593,ADDED_TO_WISHLIST,1/7/2023
86fe7887-17c4-4acd-9dbd-fd173897ae30,EXCHANGE_MADE,2/8/2023
b75671ef-eaf2-48b6-b78d-e304e024e6be,ADDED_TO_WISHLIST,12/21/2022
f180fbfc-42f0-430e-881c-1ecdc9b4d825,LOGOUT,10/17/2022
ab71ddc6-6442-49ef-8c00-34916b1b4a89,ADDED_TO_WISHLIST,5/13/2022
6ab9323c-12b4-444f-b479-4e33a09a80c4,PURCHASE_MADE,6/2/2022
8e05eaa2-8c43-42c1-82d4-9d7979fc1f24,LOGIN,1/19/2023
ce6f0f81-b45b-49d0-8dc4-2947e6058e6f,EXCHANGE_MADE,6/11/2022
4462f174-2d22-419b-914d-d8a9f72aa603,LOGIN,9/15/2022
ccb15d75-1a80-4bae-b612-5bfbc8ac20f3,PURCHASE_MADE,1/20/2023
7c9f6ff6-062a-453e-adbd-a4762fc7ef57,RETURN_MADE,12/17/2022
9ba916b0-3fe7-454c-a923-e37cd9db0cbb,RETURN_MADE,5/14/2022
b61f0f08-45a0-4377-b100-a9c89a4c7b40,RETURN_MADE,8/2/2022
54558dff-b0bd-4c0d-bd53-ae5e6d539723,PURCHASE_MADE,4/17/2022
77adb47a-b6cc-41cf-acf3-df0894948fc1,RETURN_MADE,11/14/2022
bcb7f3e3-58f8-4c2c-9a4b-0f6c79cfecc8,EXCHANGE_MADE,1/15/2023
3e7806ea-a02b-438a-af5c-d7861521704d,ADDED_TO_WISHLIST,4/12/2022
33681486-9334-4b8c-a094-b316f9891d68,LOGIN,7/22/2022
3f022d04-3ca0-4bf3-a03b-c0de8ab0b87a,EXCHANGE_MADE,1/6/2023
81f72e42-9759-4b70-b39d-a9b850317dc0,ADDED_TO_CART,10/24/2022
da0e98cc-0401-47b1-b9d1-7f09aa35cf0a,ADDED_TO_WISHLIST,7/14/2022
6718138a-162d-47ee-86af-1f28867e7775,LOGOUT,11/14/2022
804e0171-4291-4784-a66e-6f2a6855b014,LOGOUT,8/8/2022
143cc4a1-61da-4157-bf99-821d43123e07,PURCHASE_MADE,3/6/2023
7e2f4ad9-16e9-4304-a1a7-8537015a754c,LOGIN,9/12/2022
a7509df3-4724-4c27-88b2-ca55a13d30a9,ADDED_TO_CART,3/19/2023
c6e529ae-b476-473a-991f-1f7eb589fd39,LOGIN,2/5/2023
3f409fd2-5cc0-4657-88da-bcf64154eae5,LOGOUT,2/10/2023
18ac6bfc-90fa-4caa-8597-5c9f31a5d578,LOGOUT,11/30/2022
cf1c2f9c-1440-41e9-977f-e273a1b62738,EXCHANGE_MADE,6/25/2022
b6d23292-56b5-4179-8e3e-012984503c3e,RETURN_MADE,6/30/2022
8d3551c4-c1f3-4530-9d04-02684a7e0e89,ADDED_TO_WISHLIST,11/1/2022
2d43b8cc-f986-4673-8f60-1543a7d968a1,LOGIN,12/23/2022
a2deebfe-3a8b-49f1-acf0-69a46c11fbb7,ADDED_TO_CART,1/24/2023
024afbc1-6a64-40a7-a5aa-374fce7baf22,ADDED_TO_WISHLIST,4/13/2022
5475005f-4c22-447f-afa4-c01283fe9ffc,PURCHASE_MADE,3/13/2023
c6d8c1e3-b67e-45aa-8106-77c30d8a4936,LOGOUT,9/26/2022
14bd2281-a32a-4b47-9d9d-f41e69bdb7dc,ADDED_TO_WISHLIST,9/27/2022
c7e1d441-dbb9-4b66-8097-4f3a2ea58041,ADDED_TO_CART,7/3/2022
4462f174-2d22-419b-914d-d8a9f72aa603,LOGOUT,4/10/2022
b2932761-6bd0-496d-8d60-bbb67b9f3cc6,LOGOUT,11/17/2022
01074dc4-3f33-4df0-ad55-5806c19f48e6,PURCHASE_MADE,9/14/2022
2b10ebec-bb74-4f36-8484-df30156f94a7,LOGOUT,5/28/2022
462d2995-bdcb-45fe-bbb7-166510c26db2,EXCHANGE_MADE,7/30/2022
1f128173-d7bc-42f8-b26d-50523897c2aa,EXCHANGE_MADE,11/2/2022
d3903432-e299-4a77-8312-ff119926a5c0,RETURN_MADE,5/19/2022
1599f67f-2cb4-4a5b-b753-c91c5ff1fe31,RETURN_MADE,7/12/2022
56e09b9e-f703-4912-85ea-2d04a3d782d0,ADDED_TO_WISHLIST,12/30/2022
37b2329e-102d-4ad4-bab8-741aa34410d6,LOGIN,4/2/2022
425cd89b-2100-4a56-98ad-a9ae56f2b01c,ADDED_TO_CART,8/26/2022
c6d8c1e3-b67e-45aa-8106-77c30d8a4936,ADDED_TO_WISHLIST,3/9/2023
582113e7-cc42-45a7-88ef-d2214afff9b2,ADDED_TO_WISHLIST,3/16/2023
4ebdf5cb-5a45-4dbe-8a59-ca536ec4ec02,ADDED_TO_WISHLIST,10/30/2022
87587cc4-41c8-45bc-905e-daff6ccbc3b8,RETURN_MADE,4/21/2022
6888800c-e568-40c5-bdc5-64ad5d7da387,ADDED_TO_CART,5/22/2022
e623ee4d-0409-4914-93ce-8d4277f0f20a,LOGIN,6/24/2022
8d1f102f-bf7d-4bd0-a70f-8591a3407d3e,LOGOUT,1/1/2023
86dc574d-cfbb-431c-9667-4bbf8fe446f0,EXCHANGE_MADE,5/24/2022
51ae9037-c45e-4e3d-bc0c-4165cb3e773a,ADDED_TO_WISHLIST,9/19/2022
8d0d182a-5ea9-45d1-89e5-821f639f522c,ADDED_TO_WISHLIST,3/26/2022
a9eddfc7-6ba2-4de3-a3fc-974743c26bcd,ADDED_TO_WISHLIST,5/28/2022
f3a99b64-c635-41e9-a7df-c122279d774f,RETURN_MADE,5/28/2022
56c710d4-39c3-47b5-b908-16c09a3ca688,PURCHASE_MADE,1/4/2023
385ad8bd-266b-4cde-9ee2-25d0346d6ee7,LOGOUT,12/2/2022
3b7266e8-5cdc-4367-9a8e-39276d614406,RETURN_MADE,10/17/2022
2bbae9c8-1828-4111-8f72-6954b1667ce2,RETURN_MADE,9/26/2022
37800349-6eb9-42df-b0de-ed158dfba68a,LOGIN,11/14/2022
4706c6fc-f497-4387-ae7a-f8576da06402,LOGIN,10/19/2022
111bb27f-02f9-4ed4-a73e-c187fceee036,LOGOUT,9/23/2022
ead543bb-4131-4171-a6ad-582e7b8feccf,ADDED_TO_CART,2/22/2023
3ecf11e4-c881-448b-833b-daf00e0369b1,LOGIN,6/13/2022
b1bcb03d-f530-4d53-bd18-4fe8e7506e6f,ADDED_TO_WISHLIST,3/26/2022
768748a3-216b-4e8e-969c-f390393e946a,ADDED_TO_CART,1/7/2023
b5ab0b30-5e8f-4d7f-a930-635933380bf7,ADDED_TO_CART,2/17/2023
112f31d0-3236-4030-8cb2-7d396ff4a76c,PURCHASE_MADE,5/23/2022
645b1746-a2f0-418b-a75a-3287b114b4e0,EXCHANGE_MADE,5/24/2022
da0e98cc-0401-47b1-b9d1-7f09aa35cf0a,PURCHASE_MADE,10/19/2022
8b36f96f-2b5a-41a4-8a32-b1c50381e22f,PURCHASE_MADE,11/18/2022
a107e51e-1234-4f27-b8d8-a6407a765d04,ADDED_TO_WISHLIST,10/2/2022
a75d46ee-2eeb-4f7b-8273-726569d6e734,ADDED_TO_WISHLIST,8/3/2022
22abf8e4-f7a9-4a29-895e-1f4e16b9cf19,LOGOUT,12/28/2022
f26adaec-6ed3-4eff-b5a6-5bd2429e1121,PURCHASE_MADE,12/22/2022
46192f53-2b90-4049-9a35-0f6b623e4b0c,ADDED_TO_CART,10/10/2022
302f944e-8715-4c16-98de-633d482533f1,LOGIN,5/22/2022
433f01b6-5463-499e-be31-176a030aa38e,ADDED_TO_CART,1/27/2023
8ce33539-53b8-4467-833f-4025c31ea83e,ADDED_TO_WISHLIST,8/26/2022
516f5a5e-2713-4a68-95b5-6061cc74c621,ADDED_TO_CART,10/16/2022
963d9565-49c8-44f5-8f67-61bda7978d79,ADDED_TO_WISHLIST,10/12/2022
4a2240eb-a8ea-4da9-bea1-d13c3634120d,ADDED_TO_WISHLIST,4/8/2022
6bce9478-d504-462e-9ea5-c4fe1f073a0a,ADDED_TO_WISHLIST,10/25/2022
a551164e-40b4-4bea-944f-4c3ff665c453,EXCHANGE_MADE,7/12/2022
43d47147-f5a8-43b4-a11b-63f12f63728c,RETURN_MADE,3/4/2023
ffad6908-cc89-4dfc-a31d-83ba38f5f20d,RETURN_MADE,8/12/2022
eb1347b7-7d51-4984-9e5d-fd872fdcb55c,PURCHASE_MADE,10/1/2022
28966ec4-521e-4963-b5d2-6a176366e68c,ADDED_TO_WISHLIST,8/16/2022
dd421b6a-d591-4690-8da1-0629a5483fe5,ADDED_TO_CART,1/1/2023
f90034a8-caf5-4527-a6d9-2ea2c4fc8efc,ADDED_TO_WISHLIST,5/10/2022
c392f73e-f3b0-4f15-807e-f61741f9b422,EXCHANGE_MADE,6/12/2022
c3ca87f1-1a4d-44b7-92b8-60bbfb35dac7,RETURN_MADE,5/31/2022
5deca655-4c1e-4c27-96b1-b2a7fde11108,ADDED_TO_WISHLIST,8/3/2022
18ac2a67-8033-4ee7-9f77-72db4cab1be9,LOGOUT,5/4/2022
75a3316e-7401-4bed-845a-f38f70634a34,EXCHANGE_MADE,11/20/2022
4d9719bc-fbcb-4591-ae00-7b2174e045b1,ADDED_TO_CART,1/11/2023
aa52a0fb-6b14-4861-8cff-fd11611fa744,ADDED_TO_CART,9/9/2022
cad55982-da6b-48a2-8b8a-81bd005016aa,ADDED_TO_CART,7/28/2022
09eb7724-bbf4-43b9-97cc-54889d1acbae,RETURN_MADE,10/20/2022
e2856305-8e13-44c4-be2a-4cd636c3586f,RETURN_MADE,11/4/2022
698c66d7-1666-451d-a79c-9193de9e61a7,ADDED_TO_WISHLIST,4/21/2022
b9cc96eb-60bc-48ce-be6a-c8a99c9a2dde,RETURN_MADE,5/25/2022
7b5bf7df-faa4-4a2b-9285-6201f7e78f08,LOGOUT,9/3/2022
88e47040-ec4c-45b0-af48-f8bf6c88772a,LOGIN,3/1/2023
aa52a0fb-6b14-4861-8cff-fd11611fa744,LOGIN,5/27/2022
1e77eb97-7b7d-467d-8688-aa3d53c4c448,ADDED_TO_WISHLIST,1/5/2023
6c390d91-bf2d-4d00-9a46-f50bc55728b7,EXCHANGE_MADE,5/2/2022
9c8b719b-9b0c-4eb0-a465-8ff415bfd359,RETURN_MADE,2/10/2023
b4572209-599f-48af-aee3-ccac1595ef00,RETURN_MADE,2/15/2023
cad55982-da6b-48a2-8b8a-81bd005016aa,RETURN_MADE,6/13/2022
0dbd0e74-2f3d-4c52-9921-257ccd8616c6,RETURN_MADE,5/19/2022
055ffc2d-7e65-4e76-a4ad-734281cc0f69,ADDED_TO_CART,10/10/2022
e411f986-b503-4b3f-b914-e0bbad5e34af,PURCHASE_MADE,12/3/2022
33e13903-c6dd-4d54-975c-0fefab61aa41,ADDED_TO_WISHLIST,2/6/2023
a4c5ec7d-35e9-429b-a9c4-4b6bff0c162c,PURCHASE_MADE,12/29/2022
02843da5-b9c0-4f41-9792-edd09f8d179f,LOGIN,3/21/2023
045d679f-0f55-4ca6-84af-b77c6b57f966,EXCHANGE_MADE,9/8/2022
99612fa8-d0fa-4da4-86a6-2d6e3ace7985,EXCHANGE_MADE,4/17/2022
1cc230b3-a103-485f-816f-58993049ce75,RETURN_MADE,5/23/2022
276075ab-b796-4238-ad7b-d7651fb0e87b,EXCHANGE_MADE,1/5/2023
e886e981-24d1-4ad1-9c97-c580508dc331,ADDED_TO_CART,11/17/2022
6b9ccefc-5170-4546-b2b1-a3d041e3341c,PURCHASE_MADE,11/11/2022
189c7f45-4ed2-4bfb-a679-2abeb25cb33b,EXCHANGE_MADE,9/21/2022
86dc574d-cfbb-431c-9667-4bbf8fe446f0,ADDED_TO_WISHLIST,5/12/2022
a1194578-c07e-40f2-a4aa-f761f57bb0b1,ADDED_TO_CART,1/4/2023
8f6f8470-cdd1-45ab-8dbd-2d34147e75c0,LOGIN,11/27/2022
79e20a13-bcb2-489e-ae9a-9b498fa3982e,EXCHANGE_MADE,9/17/2022
cecb94b7-6cdf-4f71-ab69-17d4d07506e6,ADDED_TO_WISHLIST,5/18/2022
246881f9-3857-4adf-a332-f6e2defee50b,ADDED_TO_CART,1/16/2023
f830a000-e5de-477f-b03e-ba53b42b1b0d,LOGIN,7/2/2022
ce55593d-33d7-48b7-9bce-ed7f9543aa06,ADDED_TO_WISHLIST,12/21/2022
510080c5-2193-4c61-8fb9-ab10cc664904,RETURN_MADE,10/3/2022
04ed43db-8eb8-438e-9f58-513343223e81,LOGOUT,9/29/2022
0f835453-d457-478b-8c24-f16b4450a2aa,EXCHANGE_MADE,3/31/2022
7908ab23-d6f3-470a-8a1d-a8547960a0d1,LOGOUT,3/11/2023
b0bba279-cc01-40c3-8508-5a73a2829e7d,EXCHANGE_MADE,9/14/2022
e411f986-b503-4b3f-b914-e0bbad5e34af,PURCHASE_MADE,10/11/2022
022bf40f-e45c-43f3-aeda-aea9f5763d9a,ADDED_TO_WISHLIST,9/6/2022
8d3551c4-c1f3-4530-9d04-02684a7e0e89,EXCHANGE_MADE,1/27/2023
ec693eb6-a8cf-4e47-b82c-d257b5077b28,PURCHASE_MADE,2/5/2023
f830a000-e5de-477f-b03e-ba53b42b1b0d,RETURN_MADE,2/21/2023
4fb6cf2a-7ebd-48af-a2ed-8584bcbf4713,RETURN_MADE,7/5/2022
31dba40a-6760-4b82-8d6e-30ac9383897a,LOGOUT,11/30/2022
94e785f4-76fd-4316-9623-c7e1c20e7fa0,ADDED_TO_WISHLIST,12/24/2022
5e20fb23-f5c8-40e6-be98-654767e04bf4,LOGOUT,3/8/2023
3e01e474-62ce-49b9-a456-361f63d3a774,RETURN_MADE,1/2/2023
c392f73e-f3b0-4f15-807e-f61741f9b422,PURCHASE_MADE,5/31/2022
090168f6-8527-4cc8-885b-ee7877aecddc,RETURN_MADE,3/15/2023
b944b81d-df41-4571-a069-61703f3f5a6c,LOGIN,12/8/2022
8b36f96f-2b5a-41a4-8a32-b1c50381e22f,LOGIN,5/5/2022
3e01e474-62ce-49b9-a456-361f63d3a774,ADDED_TO_CART,12/31/2022
11c36c23-e539-4948-87ea-d0ad587d6058,RETURN_MADE,4/9/2022
f180fbfc-42f0-430e-881c-1ecdc9b4d825,PURCHASE_MADE,9/4/2022
6aa503c8-25bd-4f12-bfd8-e4648ab97512,RETURN_MADE,1/16/2023
743535bc-851b-4755-a491-c2921670221b,PURCHASE_MADE,12/30/2022
4ebdf5cb-5a45-4dbe-8a59-ca536ec4ec02,RETURN_MADE,1/25/2023
572617fc-e77b-44d9-b502-e16f60ed0a0a,EXCHANGE_MADE,10/17/2022
29b567cc-d4c7-46c7-86ad-9f3f8807a7d4,ADDED_TO_CART,6/13/2022
91be2da5-ba8d-4258-8722-6c897a5d6a0e,LOGIN,3/2/2023
462d2995-bdcb-45fe-bbb7-166510c26db2,PURCHASE_MADE,7/25/2022
b4d042d4-03d3-40e9-83f9-e312cf554ef3,ADDED_TO_CART,12/23/2022
b0bba279-cc01-40c3-8508-5a73a2829e7d,ADDED_TO_CART,1/18/2023
8c04d9bb-dd5e-45a3-a3a5-5f1deabe6aec,ADDED_TO_CART,9/15/2022
c040ce08-4586-497e-9a64-952805f8514d,RETURN_MADE,10/6/2022
943afd24-fcda-4db2-b082-30a251e0c1f0,ADDED_TO_WISHLIST,4/2/2022
0bed69c9-932a-41b2-8dc4-bed37ba4bb20,LOGIN,11/16/2022
2c46fa1a-e948-4921-bc07-47a200b306e2,EXCHANGE_MADE,1/17/2023
2e723164-ffc9-4a4b-99b2-e4e08baa9859,PURCHASE_MADE,8/14/2022
534cb41f-f9e7-4e3e-a2be-f49ce82325ee,EXCHANGE_MADE,7/31/2022
d9e206da-f14d-4493-9f85-6ed0c5a99148,PURCHASE_MADE,12/22/2022
dc0f279c-a01b-427b-9a3a-644fee7c0e60,LOGIN,11/29/2022
7faec044-e224-46ec-bc9d-2638200dbee0,RETURN_MADE,9/16/2022
b80a6547-6d3a-4715-9a5f-2e38087fa1a7,RETURN_MADE,4/6/2022
988ba6d5-f507-46fa-9b2f-d6330ce89521,LOGOUT,3/9/2023
8ac45e38-dde3-4f5a-bb30-fa9177a98145,ADDED_TO_CART,3/10/2023
0f61ef38-68b6-4db4-91ac-f774d3f919f0,EXCHANGE_MADE,3/31/2022
ab71ddc6-6442-49ef-8c00-34916b1b4a89,RETURN_MADE,9/18/2022
290171ce-794a-4b54-8dc0-f96ed9be24b8,PURCHASE_MADE,8/1/2022
81d094b6-8f2f-47af-8ad9-84f826a4ec72,PURCHASE_MADE,3/7/2023
5d56fdaf-0896-4d65-8cd7-d345c4bbc0f9,RETURN_MADE,1/9/2023
90079a2d-0a0b-4a05-b40c-13f12cea2f2a,EXCHANGE_MADE,9/6/2022
92e19a3c-a6fa-4d33-8aaf-5c6d66c1e853,EXCHANGE_MADE,5/3/2022
9fcde900-e9d9-45f3-863f-fe72c86de9af,LOGOUT,2/6/2023
3f14ceeb-9a16-4633-8e37-b46b4b4b930c,LOGIN,5/21/2022
d951198a-b89a-4da5-a373-7049a7b8e119,EXCHANGE_MADE,5/22/2022
7f5f71bc-b2e6-4163-a52d-a910348a5249,ADDED_TO_CART,12/8/2022
ca625697-e798-45be-b810-a8a9f8a504bb,ADDED_TO_WISHLIST,12/4/2022
1080d5fb-822c-482a-a0d5-523547f6d730,LOGIN,7/9/2022
2816cfad-ecdc-4cdf-a829-dda82ecd4b12,LOGIN,12/31/2022
e6f4e27e-1036-4cd3-acad-9bd7cb2f22e8,ADDED_TO_WISHLIST,4/20/2022
bfe2ef18-30b5-466a-8884-d9848772dc63,ADDED_TO_CART,9/5/2022
3ccfd99d-ed34-4823-9600-6fd552fe5170,ADDED_TO_WISHLIST,3/8/2023
6ab9323c-12b4-444f-b479-4e33a09a80c4,RETURN_MADE,1/22/2023
5212cdb2-2ab4-4708-99f9-745074c3dbfc,EXCHANGE_MADE,7/15/2022
da8f2b9d-7db1-40c6-991f-169fe6ab5e78,RETURN_MADE,3/13/2023
62972680-6567-40b3-a169-38b7341f4cbc,ADDED_TO_CART,7/8/2022
4eee8719-1230-4a74-8275-a02172f0bac7,RETURN_MADE,8/7/2022
367187f0-5f9a-4014-b4e8-4d91cbc699a8,PURCHASE_MADE,3/28/2022
8c9c61b9-e721-4cef-8c0c-450490c4240a,PURCHASE_MADE,7/12/2022
c941c25d-6678-4690-a88a-18f85543bdda,ADDED_TO_CART,2/11/2023
c4ab2dd2-3a26-446e-9f7d-d4af39e08d46,RETURN_MADE,7/31/2022
5c07a6d2-f5d9-4f6e-85f5-f09c3e72aa54,ADDED_TO_WISHLIST,1/10/2023
6718138a-162d-47ee-86af-1f28867e7775,ADDED_TO_CART,1/6/2023
a7570dc6-9665-4535-aff0-0bac6967d163,ADDED_TO_WISHLIST,5/19/2022
144f737b-0721-446b-bb03-472265ab0f45,LOGIN,11/3/2022
5c933047-df84-4855-9430-165935cd77f2,ADDED_TO_CART,7/27/2022
2c46fa1a-e948-4921-bc07-47a200b306e2,PURCHASE_MADE,9/12/2022
8ac5a011-cc34-497b-aaba-06af2792d47c,RETURN_MADE,10/18/2022
e3c2812b-3f84-42b2-9678-e1eea14e39df,ADDED_TO_WISHLIST,3/13/2023
6bfcb3ce-b77d-4c2d-93ef-2e3024c8d617,LOGIN,5/13/2022
32ad351c-9560-4521-9b8b-3c3c0629ae7c,RETURN_MADE,8/11/2022
b6883055-177b-4f12-aa78-830b143bca85,PURCHASE_MADE,3/18/2023
1e77eb97-7b7d-467d-8688-aa3d53c4c448,LOGOUT,3/24/2022
98d8b504-5aab-4935-bab0-89c6163bf390,LOGIN,9/28/2022
29fa84fa-cc14-4d99-a355-ef74f0f9d2d8,RETURN_MADE,6/12/2022
ae826415-477a-4a2e-92b2-ecf2a94cfc71,PURCHASE_MADE,12/4/2022
a17fc6e5-d5e0-4ab4-8462-5d8af13926b1,EXCHANGE_MADE,9/19/2022
e868aead-0ffe-41af-bf47-6ce5614eac8b,ADDED_TO_CART,6/5/2022
3e277c84-7dd5-4789-bde6-0a87e4298b9b,PURCHASE_MADE,3/28/2022
b857e741-9ae0-4b56-bbc6-e24393148c31,LOGIN,1/7/2023
6c5348e9-961b-481f-882a-5ce91a769b36,EXCHANGE_MADE,10/1/2022
441dc003-e1c3-43b9-b956-1b8e1d1f6fef,LOGIN,7/15/2022
7f23af46-e39f-4e94-9189-910fa84c662c,LOGOUT,12/27/2022
3716a7a8-7517-40a0-9982-dcbd6627fd31,ADDED_TO_CART,7/14/2022
4706c6fc-f497-4387-ae7a-f8576da06402,RETURN_MADE,1/12/2023
bfaf965a-09ce-46ad-8846-48c1abeec8e5,LOGOUT,4/2/2022
b75671ef-eaf2-48b6-b78d-e304e024e6be,LOGOUT,8/24/2022
23a5814f-27e9-48ce-a66e-17a1d4e2a1be,ADDED_TO_WISHLIST,8/28/2022
077de7b4-9c34-4120-8b47-f5a63165bd5b,LOGOUT,7/7/2022
14fa8c07-eda8-425c-bda3-c5256ce258a8,ADDED_TO_CART,3/2/2023
b857e741-9ae0-4b56-bbc6-e24393148c31,PURCHASE_MADE,6/12/2022
f02264e7-c023-428d-9fe4-91450d1694f2,PURCHASE_MADE,9/5/2022
31407506-de51-4208-8086-86ac9c0d2fe6,EXCHANGE_MADE,9/17/2022
109b9727-0540-4526-9ffd-d9d76f9a6db5,ADDED_TO_CART,5/31/2022
6bce9478-d504-462e-9ea5-c4fe1f073a0a,RETURN_MADE,7/18/2022
43316fde-c3ed-4c43-8993-77551b2a5c3e,ADDED_TO_CART,11/7/2022
7ff22020-c2ec-4840-a461-c21c367c9a17,ADDED_TO_WISHLIST,12/7/2022
1f513b07-fb78-4fa8-a597-bcdeddc2d9b2,LOGIN,3/18/2023
ec4d34bb-ffca-4a3d-a153-058d85e82959,EXCHANGE_MADE,3/2/2023
276075ab-b796-4238-ad7b-d7651fb0e87b,LOGIN,11/5/2022
b76a6669-9683-4026-a54d-8c16ecbffdec,RETURN_MADE,2/23/2023
2c1cae40-0413-433e-bee1-6fbfe2273ba5,PURCHASE_MADE,3/6/2023
c62229c3-30ee-4b11-8f0f-7c6b44dd0b81,LOGIN,10/16/2022
44f7fed1-bfc1-4a55-8534-67efcd784bb1,LOGOUT,8/2/2022
d34470ed-ca55-4173-8751-a87182916d72,LOGOUT,9/8/2022
3b07ef34-a69e-44bc-bfbe-060af9de5a7e,LOGOUT,2/28/2023
510080c5-2193-4c61-8fb9-ab10cc664904,RETURN_MADE,4/23/2022
5deca655-4c1e-4c27-96b1-b2a7fde11108,RETURN_MADE,7/4/2022
4c1eeb86-d8e7-454e-8ba2-3622569ba146,LOGOUT,11/22/2022
f2057c97-e935-4d9a-a521-4631207ac17e,RETURN_MADE,11/28/2022
175a9691-04c4-4730-9e92-9c183150ca5f,ADDED_TO_CART,5/24/2022
346d2647-41a2-4fbd-968d-2a2acddbde5e,LOGIN,4/11/2022
c1bdeac2-73bd-4aa7-8aac-3adce9521e37,LOGIN,8/30/2022
56388196-b67f-470a-95fd-f15da48e5d40,ADDED_TO_WISHLIST,12/20/2022
276075ab-b796-4238-ad7b-d7651fb0e87b,LOGIN,10/7/2022
a62c8202-1fdc-4fe1-aa58-c62b4850e943,LOGOUT,10/17/2022
b2a715ca-da79-4a49-9821-b712e6c50216,RETURN_MADE,10/28/2022
1599f67f-2cb4-4a5b-b753-c91c5ff1fe31,LOGIN,12/31/2022
4d1b9c0d-6a58-4c9a-aff1-d7c70c78fb11,EXCHANGE_MADE,11/24/2022
b937eda4-f34a-4246-a6c0-589d9436e33a,LOGOUT,4/3/2022
8a3830ac-e419-411d-8916-8528908bb71c,LOGOUT,10/13/2022
8d3551c4-c1f3-4530-9d04-02684a7e0e89,PURCHASE_MADE,3/29/2022
35738901-4be0-4635-a7cf-36cbd3c9d6ed,ADDED_TO_WISHLIST,1/24/2023
f0ac1ca8-30f2-4587-ac83-59865b9aaab1,EXCHANGE_MADE,3/31/2022
5475005f-4c22-447f-afa4-c01283fe9ffc,ADDED_TO_CART,10/27/2022
09ddd969-bf7c-4dd9-8b68-8f0fa724816b,LOGOUT,4/19/2022
367187f0-5f9a-4014-b4e8-4d91cbc699a8,RETURN_MADE,12/15/2022
56c710d4-39c3-47b5-b908-16c09a3ca688,ADDED_TO_CART,12/1/2022
a4c5ec7d-35e9-429b-a9c4-4b6bff0c162c,ADDED_TO_WISHLIST,10/18/2022
e8c256b5-fd89-4950-a263-2e9f9a50f666,ADDED_TO_WISHLIST,12/1/2022
bba22a36-f3ef-49c5-a8ba-8c9ff07e06b9,PURCHASE_MADE,3/25/2022
9866696b-0839-4ac3-82d3-7eb2795260c6,PURCHASE_MADE,1/13/2023
433f01b6-5463-499e-be31-176a030aa38e,ADDED_TO_CART,6/6/2022
b3255a9a-f37f-4166-92e6-34f19167b822,ADDED_TO_WISHLIST,8/1/2022
dc7ad030-07a0-4cb6-81d2-1d6386c913b8,LOGOUT,4/9/2022
3e01e474-62ce-49b9-a456-361f63d3a774,RETURN_MADE,6/3/2022
c3052c98-1071-46c6-b5c7-4e3657aa7733,PURCHASE_MADE,5/7/2022
f63bad14-b521-4c4f-8daf-59be82645343,LOGOUT,3/7/2023
54aa470f-f26b-45d0-a091-3033549a54be,LOGIN,4/1/2022
5c5eeb2b-49a3-4848-9eb8-f0fd3f2fac28,ADDED_TO_CART,5/13/2022
02b9bb7f-4bfc-4de7-a775-f9e9c87bd954,ADDED_TO_WISHLIST,11/6/2022
b3e1f7a5-5999-4fbe-95ec-39a68d166948,ADDED_TO_CART,5/19/2022
660066c1-f5cf-47ec-a109-0f4aebc6eec6,RETURN_MADE,12/13/2022
79b204ae-4b71-449a-89f9-b320f97a1b0b,PURCHASE_MADE,10/28/2022
c7179773-d5f9-475a-a645-da705b962b9a,PURCHASE_MADE,2/14/2023
ddd9fc59-05ce-4153-b7bd-9baa79fc40af,LOGOUT,11/23/2022
75ebfa99-0440-4ab3-836a-4751385715cb,EXCHANGE_MADE,10/12/2022
194833f7-4cdf-484a-90b0-8241870efbe4,ADDED_TO_WISHLIST,7/11/2022
f05b2d74-9fe9-4ad8-9695-a949a3e6a1e9,LOGOUT,5/16/2022
f63bad14-b521-4c4f-8daf-59be82645343,ADDED_TO_WISHLIST,8/14/2022
43c02a09-cb60-47bb-82ff-91added5f6ef,RETURN_MADE,1/29/2023
843c31e1-3098-41d8-855a-e6149156a80c,LOGIN,1/28/2023
3db5df35-7a2f-452b-b482-9dd470bacc2b,EXCHANGE_MADE,10/1/2022
6fc7c275-8098-4213-a7dd-348f612a2317,PURCHASE_MADE,6/28/2022
8d0d182a-5ea9-45d1-89e5-821f639f522c,PURCHASE_MADE,5/30/2022
c5bfe7b4-96f1-4a23-9b4e-13ca4609ec38,RETURN_MADE,10/8/2022
875e5ca1-2e56-49ac-a19a-29a21692b619,LOGOUT,11/14/2022
e411f986-b503-4b3f-b914-e0bbad5e34af,ADDED_TO_WISHLIST,8/7/2022
79e20a13-bcb2-489e-ae9a-9b498fa3982e,LOGIN,10/16/2022
63982369-3ce5-420a-a534-401c6832ca57,EXCHANGE_MADE,5/18/2022
46e4f889-9c7a-409c-8a3f-e44d5fb1c391,ADDED_TO_CART,12/19/2022
2286bd35-a347-472a-aae2-d7b126b7c30b,RETURN_MADE,1/19/2023
9e9ca154-51a0-47a6-a642-4dc02936ed8e,EXCHANGE_MADE,2/7/2023
e623ee4d-0409-4914-93ce-8d4277f0f20a,PURCHASE_MADE,10/11/2022
57815ab0-350b-43d8-933e-e72a83a0f9c7,LOGIN,1/2/2023
5b080a69-e633-4ad9-8766-949dabca84b4,LOGIN,3/24/2022
ae2de2cd-27d6-4fed-af89-a3d164adeac9,PURCHASE_MADE,9/13/2022
a116b614-2ce0-4f3f-93f1-00634f252043,RETURN_MADE,10/28/2022
43d47147-f5a8-43b4-a11b-63f12f63728c,PURCHASE_MADE,2/9/2023
a471f8a1-f6fb-48f3-8cee-862a6269a40f,PURCHASE_MADE,2/18/2023
f90034a8-caf5-4527-a6d9-2ea2c4fc8efc,EXCHANGE_MADE,5/30/2022
92a2fa05-5823-4094-9fc4-5213b90c0f70,RETURN_MADE,7/3/2022
6ba438f3-b1f4-47ac-a837-7cf07778dcfd,LOGIN,4/5/2022
e3c2812b-3f84-42b2-9678-e1eea14e39df,RETURN_MADE,4/17/2022
6071aacc-0e2d-463c-8e4e-6da4e3981267,ADDED_TO_WISHLIST,1/6/2023
6e9c6bb0-dbb2-4df4-b23f-c748247d1aad,PURCHASE_MADE,10/16/2022
4462f174-2d22-419b-914d-d8a9f72aa603,ADDED_TO_CART,1/30/2023
8921c169-b444-438e-8567-23f2f01267b6,RETURN_MADE,7/15/2022
768748a3-216b-4e8e-969c-f390393e946a,ADDED_TO_CART,11/18/2022
68d6d94f-cf84-4374-b39f-cc9cb028b963,RETURN_MADE,5/6/2022
8cd00eab-1b0f-4371-9ad6-a29a58e490d9,RETURN_MADE,7/29/2022
5c07a6d2-f5d9-4f6e-85f5-f09c3e72aa54,LOGIN,8/6/2022
9866696b-0839-4ac3-82d3-7eb2795260c6,ADDED_TO_CART,9/10/2022
12a89a32-a97c-48af-9294-eb64a351a12b,EXCHANGE_MADE,11/23/2022
aa52a0fb-6b14-4861-8cff-fd11611fa744,LOGIN,10/12/2022
7e369b87-8c27-459e-bef3-0262462502a6,EXCHANGE_MADE,3/24/2022
eb8ab83d-b3b6-4481-9610-5c6385faef9a,RETURN_MADE,4/26/2022
2bfa2ce4-d344-4174-978d-1e0e5df6899b,ADDED_TO_CART,5/25/2022
b8a36b52-8b26-47c7-bf9b-8f04a7b3e916,RETURN_MADE,5/18/2022
ec0edaf2-c969-47f1-97d3-da897d2e5205,LOGOUT,2/16/2023
f58c24b4-68e0-4361-835d-42dc2994b6c5,EXCHANGE_MADE,1/15/2023
071e3cde-46d0-48e7-bafc-4f36b185508a,ADDED_TO_CART,4/30/2022
6fc7c275-8098-4213-a7dd-348f612a2317,RETURN_MADE,10/12/2022
536d7f44-2480-4767-b412-070d0a8674c6,LOGOUT,2/27/2023
b508e6ac-1d5d-4397-8e03-3f0f9b768ade,EXCHANGE_MADE,11/25/2022
3e726ce7-f117-4f4b-9575-c10cc6817431,ADDED_TO_WISHLIST,1/5/2023
1f513b07-fb78-4fa8-a597-bcdeddc2d9b2,EXCHANGE_MADE,11/19/2022
6e3fbe39-f3db-44c2-a4a7-71c92c3869c3,ADDED_TO_CART,3/30/2022
f02264e7-c023-428d-9fe4-91450d1694f2,ADDED_TO_CART,4/1/2022
37bcc7b3-962c-4ed8-b962-db1f88f55d5f,EXCHANGE_MADE,1/26/2023
d6f5b907-e4f2-4535-9ae6-d08c0333aa05,PURCHASE_MADE,10/17/2022
d6484c9c-f2fd-4f98-a1f3-f5e83c7b3da1,EXCHANGE_MADE,4/10/2022
fec1e20c-4da1-4404-ad42-91040c024669,LOGOUT,3/17/2023
0dbd0e74-2f3d-4c52-9921-257ccd8616c6,LOGIN,12/27/2022
6c276eb3-ec88-46eb-8d3c-5f208f2410e9,LOGOUT,2/26/2023
15fe8408-9e65-433d-a99f-f084bcf0eeda,LOGIN,1/17/2023
6bfcb3ce-b77d-4c2d-93ef-2e3024c8d617,LOGOUT,7/16/2022
79b204ae-4b71-449a-89f9-b320f97a1b0b,PURCHASE_MADE,7/23/2022
03072aea-0db7-4ed0-889f-1d5c7f752480,ADDED_TO_CART,2/24/2023
768748a3-216b-4e8e-969c-f390393e946a,LOGOUT,3/13/2023
4eee8719-1230-4a74-8275-a02172f0bac7,EXCHANGE_MADE,7/22/2022
e51fe3dc-99d4-4d2c-9a7a-06ccc967ae17,RETURN_MADE,10/8/2022
f9f82e0c-ea22-473f-87da-20ce4748245f,PURCHASE_MADE,11/23/2022
f7554dbf-0ae6-4187-8481-c39422d8ccec,EXCHANGE_MADE,7/22/2022
302f944e-8715-4c16-98de-633d482533f1,EXCHANGE_MADE,8/13/2022
071e3cde-46d0-48e7-bafc-4f36b185508a,PURCHASE_MADE,2/13/2023
b2a715ca-da79-4a49-9821-b712e6c50216,EXCHANGE_MADE,2/6/2023
d9d280dc-7e70-4faf-a2fe-0692a948ed11,LOGIN,9/2/2022
27f6f208-ea79-4620-bcb2-6ee9234068ac,EXCHANGE_MADE,2/12/2023
99739ddb-e59c-49b7-9c3a-e2703bb18aef,RETURN_MADE,7/10/2022
ec0edaf2-c969-47f1-97d3-da897d2e5205,LOGIN,5/10/2022
787d3684-c8a1-4f34-a2b4-1f7afdc1b3f5,PURCHASE_MADE,5/16/2022
512a921d-e008-4610-9677-06dcc4ff9bf0,ADDED_TO_CART,4/26/2022
44f7fed1-bfc1-4a55-8534-67efcd784bb1,LOGOUT,12/21/2022
b857e741-9ae0-4b56-bbc6-e24393148c31,LOGIN,10/18/2022
fbb0da7e-032f-434f-8040-8f5a72ade6b7,ADDED_TO_WISHLIST,6/30/2022
57f72d66-ef13-4d10-b210-d4ec2fb83547,LOGIN,10/27/2022
385ad8bd-266b-4cde-9ee2-25d0346d6ee7,ADDED_TO_WISHLIST,4/27/2022
0eb9fe36-2e6c-4216-b59c-49896543e1d0,ADDED_TO_CART,9/14/2022
d2b48714-ff7e-4bdb-8669-7d47aaf6245a,PURCHASE_MADE,3/23/2022
1080d5fb-822c-482a-a0d5-523547f6d730,LOGOUT,10/6/2022
b61f0f08-45a0-4377-b100-a9c89a4c7b40,ADDED_TO_WISHLIST,12/26/2022
57815ab0-350b-43d8-933e-e72a83a0f9c7,ADDED_TO_WISHLIST,5/24/2022
98ea0efd-04ec-4f3a-b652-98b468ee8c9b,EXCHANGE_MADE,12/28/2022
b8221965-118a-40dd-9216-e1deee67f2a8,ADDED_TO_WISHLIST,8/17/2022
02b9bb7f-4bfc-4de7-a775-f9e9c87bd954,ADDED_TO_CART,3/2/2023
37800349-6eb9-42df-b0de-ed158dfba68a,PURCHASE_MADE,1/5/2023
1a698d7d-e711-4c21-8a5a-fc236f3d1164,LOGIN,7/23/2022
f90034a8-caf5-4527-a6d9-2ea2c4fc8efc,PURCHASE_MADE,5/27/2022
18ac6bfc-90fa-4caa-8597-5c9f31a5d578,ADDED_TO_WISHLIST,7/3/2022
22abf8e4-f7a9-4a29-895e-1f4e16b9cf19,RETURN_MADE,9/21/2022
651d83c0-eb14-4fd2-aade-91c6fe358fd1,ADDED_TO_WISHLIST,12/17/2022
53274748-9c49-441a-8d22-3c0d1c4d76b5,PURCHASE_MADE,9/23/2022
d761ce9f-8c59-4c27-8a9f-282fbb2d4908,LOGOUT,3/29/2022
972f4b9b-62bc-47bb-8c72-d758f71e9e38,PURCHASE_MADE,3/22/2022
7ca60347-b518-4fee-8adc-02a6ef9506b8,PURCHASE_MADE,2/8/2023
29fa84fa-cc14-4d99-a355-ef74f0f9d2d8,ADDED_TO_WISHLIST,12/4/2022
8ce33539-53b8-4467-833f-4025c31ea83e,ADDED_TO_WISHLIST,8/12/2022
03291aa5-5d58-4418-957b-b19b502b5677,EXCHANGE_MADE,9/24/2022
54558dff-b0bd-4c0d-bd53-ae5e6d539723,ADDED_TO_WISHLIST,11/17/2022
eb8ab83d-b3b6-4481-9610-5c6385faef9a,ADDED_TO_CART,10/29/2022
00cf6ab2-d9b2-420a-a940-bec262090bb5,ADDED_TO_CART,6/1/2022
5e20fb23-f5c8-40e6-be98-654767e04bf4,LOGOUT,11/8/2022
23a5814f-27e9-48ce-a66e-17a1d4e2a1be,PURCHASE_MADE,1/6/2023
4462f174-2d22-419b-914d-d8a9f72aa603,RETURN_MADE,4/8/2022
3f14ceeb-9a16-4633-8e37-b46b4b4b930c,LOGIN,2/26/2023
b944b81d-df41-4571-a069-61703f3f5a6c,ADDED_TO_CART,12/16/2022
0b06db9a-27c9-467d-86b0-edea234a61c7,PURCHASE_MADE,9/18/2022
ce55593d-33d7-48b7-9bce-ed7f9543aa06,EXCHANGE_MADE,8/12/2022
0e302d54-d317-4dfa-a571-f8d1ca209d1f,LOGOUT,6/19/2022
a116b614-2ce0-4f3f-93f1-00634f252043,ADDED_TO_CART,9/27/2022
8e01b08f-cbd0-476a-b136-64e973245358,LOGIN,1/31/2023
112f31d0-3236-4030-8cb2-7d396ff4a76c,LOGIN,7/17/2022
077de7b4-9c34-4120-8b47-f5a63165bd5b,LOGOUT,8/13/2022
6d2a5d3c-2536-4aeb-997c-194e42e698c2,ADDED_TO_WISHLIST,12/22/2022
48d8c1c5-add0-4cec-a99d-9299fb3087a4,EXCHANGE_MADE,7/26/2022
f220ffbf-1d12-4871-84ab-eefc2addb470,ADDED_TO_CART,3/17/2023
5c07a6d2-f5d9-4f6e-85f5-f09c3e72aa54,ADDED_TO_WISHLIST,3/24/2022
adae8f3b-120b-4025-921a-022c4b8d7203,ADDED_TO_CART,6/23/2022
9ab8eb4d-027c-418c-b4a6-7dea9d0497eb,ADDED_TO_CART,11/24/2022
d40c0e65-84c4-4403-a9fd-ce8b95451a2c,LOGOUT,7/6/2022
24da4410-e433-4911-b341-ff3079b81f05,RETURN_MADE,9/15/2022
4d1b9c0d-6a58-4c9a-aff1-d7c70c78fb11,ADDED_TO_WISHLIST,7/9/2022
e82ab029-a3bb-4cf1-bb82-f30fa4f03181,LOGIN,7/14/2022
24da4410-e433-4911-b341-ff3079b81f05,ADDED_TO_WISHLIST,9/3/2022
aebae47e-ef62-41d0-b8f2-b861ffb6629d,LOGOUT,7/2/2022
3fea36f6-2573-4880-babf-0f0261500842,ADDED_TO_WISHLIST,10/7/2022
67f15518-7993-4cbc-9418-ceabdc8d6515,EXCHANGE_MADE,1/31/2023
9c464219-ce48-4708-bc1a-b1a53896aff3,RETURN_MADE,3/5/2023
5f677625-d152-443f-9d5b-2b3ffa2444aa,ADDED_TO_CART,12/31/2022
68f917fb-865c-4041-a0f7-43301ed855fe,EXCHANGE_MADE,9/28/2022
7efc8608-2a56-4a8f-99de-b00eaedaeb64,EXCHANGE_MADE,12/31/2022
1b7ddcf8-c910-481d-aeaf-26ba05cfa8c8,PURCHASE_MADE,4/16/2022
8f6f8470-cdd1-45ab-8dbd-2d34147e75c0,LOGOUT,10/1/2022
f4382e81-120f-4ba0-bc7b-f2a8d0e25ef1,LOGOUT,12/28/2022
0606074b-c64b-4ebc-861f-c0748054e1a5,ADDED_TO_WISHLIST,11/23/2022
b4cddb7b-c984-4f89-82c8-93cd1957c283,LOGOUT,10/18/2022
04c92028-44ff-4093-b5a9-69723c1e6076,PURCHASE_MADE,11/18/2022
eb1347b7-7d51-4984-9e5d-fd872fdcb55c,EXCHANGE_MADE,7/27/2022
4c1eeb86-d8e7-454e-8ba2-3622569ba146,RETURN_MADE,2/5/2023
7908ab23-d6f3-470a-8a1d-a8547960a0d1,RETURN_MADE,12/30/2022
caafd969-4ab4-490e-bc1f-f44e00e512e6,EXCHANGE_MADE,7/1/2022
33e13903-c6dd-4d54-975c-0fefab61aa41,RETURN_MADE,8/8/2022
2630a254-16ea-444d-ab99-821a7276e77f,ADDED_TO_WISHLIST,12/23/2022
698c66d7-1666-451d-a79c-9193de9e61a7,LOGOUT,5/25/2022
a9e51fa3-114a-40c2-b976-7d422026bccd,LOGOUT,6/26/2022
1b7ddcf8-c910-481d-aeaf-26ba05cfa8c8,PURCHASE_MADE,5/12/2022
ddd9fc59-05ce-4153-b7bd-9baa79fc40af,ADDED_TO_WISHLIST,9/23/2022
ab34e8cb-0540-4c64-bf52-4f72df2e4fb8,LOGOUT,5/6/2022
729022a3-33c9-4311-a776-b9f2d1cfb474,LOGOUT,1/25/2023
a471f8a1-f6fb-48f3-8cee-862a6269a40f,PURCHASE_MADE,3/19/2023
58b5cd7b-2c7a-4681-a806-c56ab298b2fe,EXCHANGE_MADE,2/25/2023
3bdd6449-c68f-4c69-ae7d-13acb649452a,EXCHANGE_MADE,12/18/2022
ea9da1de-d604-4764-b389-4a3a55437a6c,ADDED_TO_CART,8/30/2022
43d47147-f5a8-43b4-a11b-63f12f63728c,ADDED_TO_CART,4/5/2022
d8bff7ae-c39d-43de-a243-47cf0e5a01dd,ADDED_TO_WISHLIST,1/13/2023
20f50958-395a-4550-b820-663a219973a4,ADDED_TO_WISHLIST,5/24/2022
e6f4e27e-1036-4cd3-acad-9bd7cb2f22e8,ADDED_TO_CART,2/20/2023
692e7268-34c7-420b-a0be-1328d33b249c,EXCHANGE_MADE,2/2/2023
04c92028-44ff-4093-b5a9-69723c1e6076,ADDED_TO_CART,6/7/2022
d1f6543c-aa56-4868-a029-c31cfb8428fa,LOGOUT,5/3/2022
7a4e59fe-d7c4-4537-929b-0bc6a23fe4b2,EXCHANGE_MADE,4/11/2022
7c4a5b4f-8681-4765-a0a9-e09a5f19e77e,ADDED_TO_WISHLIST,11/21/2022
eabbfc5a-8743-487d-90b7-d2f5e199e286,PURCHASE_MADE,9/29/2022
3c357763-23af-4ffc-8f65-353bfa2163a8,RETURN_MADE,7/16/2022
1cc230b3-a103-485f-816f-58993049ce75,PURCHASE_MADE,8/4/2022
c5700caf-1b6e-4e8f-adeb-d2d2a50ab04a,ADDED_TO_WISHLIST,7/4/2022
1d00d036-4e21-4fb0-9696-8b29fe8649cb,LOGIN,7/22/2022
73866071-fcfa-48b9-914d-af3841c1bdda,PURCHASE_MADE,4/14/2022
754ce8d9-34e4-4ac6-945a-616a85f952bd,ADDED_TO_WISHLIST,4/17/2022
23a5814f-27e9-48ce-a66e-17a1d4e2a1be,LOGIN,4/30/2022
3035f53b-18bf-4d25-89e6-3dcb86bfb660,ADDED_TO_WISHLIST,6/12/2022
1067f2c2-1636-4914-bc9f-97a2972a8373,EXCHANGE_MADE,1/27/2023
46d032e7-e9bf-4d23-b15a-b46852d5bbe0,LOGOUT,7/23/2022
73db3d68-23bf-4495-af38-6413c50d03d3,EXCHANGE_MADE,1/3/2023
534cb41f-f9e7-4e3e-a2be-f49ce82325ee,ADDED_TO_WISHLIST,11/9/2022
0ba219ce-878f-4022-86fa-34762e61ebfc,ADDED_TO_CART,10/9/2022
11c36c23-e539-4948-87ea-d0ad587d6058,PURCHASE_MADE,8/10/2022
69077ba4-e2ec-41b8-a655-aa69e424f790,RETURN_MADE,9/16/2022
280cf51a-e137-45fa-978f-7050f08401bb,ADDED_TO_CART,5/27/2022
a107e51e-1234-4f27-b8d8-a6407a765d04,LOGOUT,5/27/2022
eb9413a7-c999-4a8a-accd-fdd1890a6b17,PURCHASE_MADE,1/22/2023
3f14ceeb-9a16-4633-8e37-b46b4b4b930c,RETURN_MADE,5/30/2022
094aee62-95d0-494e-a262-93f313b01bfb,PURCHASE_MADE,6/3/2022
51c51a86-1ae3-4379-a4cc-4612515a51ce,ADDED_TO_CART,1/31/2023
44686c3c-82b5-4057-8d35-4a9426f3c655,EXCHANGE_MADE,2/5/2023
045d679f-0f55-4ca6-84af-b77c6b57f966,ADDED_TO_CART,1/30/2023
bd85fdd0-55bc-42da-84f0-f3d702ea7737,ADDED_TO_CART,10/19/2022
d6f5b907-e4f2-4535-9ae6-d08c0333aa05,ADDED_TO_CART,5/26/2022
1336f991-7132-4acf-b3ec-a8930c232bff,PURCHASE_MADE,9/6/2022
496c3d7d-a0a8-49d0-aef0-8cf7e6763cfb,EXCHANGE_MADE,11/22/2022
d761ce9f-8c59-4c27-8a9f-282fbb2d4908,LOGOUT,4/9/2022
ead543bb-4131-4171-a6ad-582e7b8feccf,EXCHANGE_MADE,10/29/2022
d033a758-6ca0-4589-bf34-ba3b65210d71,RETURN_MADE,11/6/2022
dd844106-e401-45ad-9358-a944cfc841a5,RETURN_MADE,3/19/2023
68fe99c4-79b6-412f-b9ce-c310adbde014,ADDED_TO_WISHLIST,12/19/2022
44043005-1849-4d7e-8ec5-495e16a8ff52,ADDED_TO_WISHLIST,9/15/2022
536d7f44-2480-4767-b412-070d0a8674c6,PURCHASE_MADE,10/16/2022
56c710d4-39c3-47b5-b908-16c09a3ca688,PURCHASE_MADE,7/1/2022
3303b738-9670-42b2-8674-5b1c22c2b493,ADDED_TO_WISHLIST,11/17/2022
1599f67f-2cb4-4a5b-b753-c91c5ff1fe31,ADDED_TO_CART,5/2/2022
7168f7c7-b74a-443e-b578-920e0daa91bb,LOGOUT,3/23/2022
8921c169-b444-438e-8567-23f2f01267b6,PURCHASE_MADE,9/20/2022
d34470ed-ca55-4173-8751-a87182916d72,EXCHANGE_MADE,12/2/2022
5053cd8c-b44b-4c79-8601-441140a6ec97,ADDED_TO_WISHLIST,9/16/2022
5c5eeb2b-49a3-4848-9eb8-f0fd3f2fac28,ADDED_TO_CART,4/24/2022
ec0edaf2-c969-47f1-97d3-da897d2e5205,RETURN_MADE,1/11/2023
0f1b0897-8ca8-4310-8288-676862e6872f,LOGOUT,1/2/2023
20f87c36-f80e-4ab6-a7c5-24a88301c29c,PURCHASE_MADE,11/2/2022
647036cf-d11e-4a91-9e23-0c08be09aafe,ADDED_TO_WISHLIST,4/16/2022
c3ca87f1-1a4d-44b7-92b8-60bbfb35dac7,ADDED_TO_CART,8/6/2022
9102d65d-8048-45c0-b63a-a8301f4dcf53,PURCHASE_MADE,7/1/2022
ad48e582-c26e-4bc5-b2cb-5d677116c410,ADDED_TO_CART,12/25/2022
056ed00d-4a50-46c3-bdf3-f76baaa3795c,LOGOUT,6/24/2022
35738901-4be0-4635-a7cf-36cbd3c9d6ed,ADDED_TO_WISHLIST,11/7/2022
9de5e256-ba16-4a25-acdd-72f99b676874,PURCHASE_MADE,6/26/2022
c7e1d441-dbb9-4b66-8097-4f3a2ea58041,ADDED_TO_CART,6/24/2022
70d33d6d-883a-466d-857a-d2ce32e1dc50,LOGOUT,12/14/2022
5475005f-4c22-447f-afa4-c01283fe9ffc,ADDED_TO_CART,12/8/2022
534bd66c-6ca0-4b2d-b12c-b63194741b0b,ADDED_TO_CART,7/10/2022
ce6f0f81-b45b-49d0-8dc4-2947e6058e6f,LOGIN,8/2/2022
6ab9323c-12b4-444f-b479-4e33a09a80c4,ADDED_TO_WISHLIST,12/24/2022
6aa503c8-25bd-4f12-bfd8-e4648ab97512,PURCHASE_MADE,1/28/2023
56e09b9e-f703-4912-85ea-2d04a3d782d0,ADDED_TO_CART,6/27/2022
2c46fa1a-e948-4921-bc07-47a200b306e2,ADDED_TO_CART,4/25/2022
e5fb9702-d645-4870-9e89-6826a8fbb16a,LOGIN,4/25/2022
3f07d201-d3e0-476e-82a1-8bda80d35718,RETURN_MADE,10/6/2022
6c5348e9-961b-481f-882a-5ce91a769b36,LOGIN,1/24/2023
660066c1-f5cf-47ec-a109-0f4aebc6eec6,LOGIN,3/15/2023
d6f51531-26c7-4f44-bae0-389c74b4b218,LOGIN,3/31/2022
a7570dc6-9665-4535-aff0-0bac6967d163,EXCHANGE_MADE,5/27/2022
bfe2ef18-30b5-466a-8884-d9848772dc63,LOGIN,7/27/2022
6db96c05-8d5e-4fb1-a946-d7ead737a3e9,ADDED_TO_CART,2/1/2023
782eacfa-b43a-4052-aee9-3355772ae183,PURCHASE_MADE,11/14/2022
425cd89b-2100-4a56-98ad-a9ae56f2b01c,EXCHANGE_MADE,5/12/2022
dd844106-e401-45ad-9358-a944cfc841a5,ADDED_TO_CART,8/24/2022
3dc325ca-1e20-45cd-bf26-ad0fbad7c5b0,EXCHANGE_MADE,6/6/2022
7ea5754a-086d-4e34-8f6b-db4c7ec5a391,EXCHANGE_MADE,2/6/2023
2e952562-386f-4b02-b1b1-77f042356c0a,ADDED_TO_WISHLIST,9/20/2022
bb1027cd-14be-432a-b413-ef8b70b4db49,PURCHASE_MADE,12/7/2022
e09d2510-99e9-4b9b-8746-fdba46265f83,EXCHANGE_MADE,3/29/2022
276075ab-b796-4238-ad7b-d7651fb0e87b,ADDED_TO_WISHLIST,3/11/2023
ead543bb-4131-4171-a6ad-582e7b8feccf,LOGOUT,6/22/2022
6e3fbe39-f3db-44c2-a4a7-71c92c3869c3,EXCHANGE_MADE,5/21/2022
9524dae3-9855-4fa0-b752-93937b78929a,LOGIN,8/9/2022
4fde90b3-5f22-47ff-81e8-86f413372ddb,LOGOUT,5/25/2022
46192f53-2b90-4049-9a35-0f6b623e4b0c,RETURN_MADE,3/18/2023
70ae92c0-d996-4637-aef3-0bea509ccea8,LOGOUT,6/11/2022
43fab9b9-87ea-4e10-a66b-0c32ef81d3d8,RETURN_MADE,1/6/2023
7a4e59fe-d7c4-4537-929b-0bc6a23fe4b2,ADDED_TO_CART,3/7/2023
d8b7a8dd-65ff-40e8-8a2d-05134d78783c,RETURN_MADE,2/6/2023
ec0edaf2-c969-47f1-97d3-da897d2e5205,PURCHASE_MADE,1/6/2023
c1a72207-807b-407d-908e-8c4cf5d3bf3a,LOGOUT,8/2/2022
94cb9797-8b56-4395-8302-8a32cb124b4b,EXCHANGE_MADE,1/5/2023
2e341d95-685b-4bc0-b68f-d54e227fdf07,RETURN_MADE,3/8/2023
b8d0e989-54ad-4f92-8222-671cb751bddd,ADDED_TO_WISHLIST,4/4/2022
efacf85d-76bd-4bed-8e03-ad9f9e149556,ADDED_TO_CART,1/28/2023
f12c8ee9-18dd-4ea7-b1ae-9cbbe8f528b5,EXCHANGE_MADE,10/2/2022
f56fa3b7-2681-4392-88c8-ff6727d46822,ADDED_TO_WISHLIST,12/12/2022
18df035b-f094-4ae9-acff-de0e49d83589,LOGIN,5/16/2022
3e33d2d1-955a-46b7-8fdf-191dc5583a12,PURCHASE_MADE,11/2/2022
2b2b3a68-8fa7-4d70-91e9-61008fe54d2c,EXCHANGE_MADE,5/7/2022
c7e023ba-1643-4306-a1fc-bef605507758,ADDED_TO_CART,11/29/2022
57815ab0-350b-43d8-933e-e72a83a0f9c7,ADDED_TO_CART,1/12/2023
2a5e9eee-c44f-4cfe-9f38-b70e5876fec7,EXCHANGE_MADE,1/12/2023
e886e981-24d1-4ad1-9c97-c580508dc331,EXCHANGE_MADE,5/12/2022
f56fa3b7-2681-4392-88c8-ff6727d46822,LOGIN,2/2/2023
d2552890-bf20-4412-b465-138433c6ca5f,LOGIN,3/19/2023
ec693eb6-a8cf-4e47-b82c-d257b5077b28,PURCHASE_MADE,1/23/2023
5c5eeb2b-49a3-4848-9eb8-f0fd3f2fac28,PURCHASE_MADE,5/14/2022
290171ce-794a-4b54-8dc0-f96ed9be24b8,ADDED_TO_WISHLIST,10/14/2022
7414983f-5317-4731-af97-dab786b9347b,ADDED_TO_WISHLIST,6/16/2022
ed559a24-a8ac-4642-a3da-6418eb503807,ADDED_TO_WISHLIST,3/1/2023
209f9a0c-f533-4300-8a92-39c9f6c16bdb,ADDED_TO_CART,7/8/2022
1c017598-c48d-401a-9411-1c22fe02c398,ADDED_TO_CART,10/1/2022
4a2240eb-a8ea-4da9-bea1-d13c3634120d,EXCHANGE_MADE,1/21/2023
f12c8ee9-18dd-4ea7-b1ae-9cbbe8f528b5,ADDED_TO_WISHLIST,1/5/2023
73ded192-638b-452b-8a2a-9dc29eb86d31,LOGOUT,11/10/2022
1e77eb97-7b7d-467d-8688-aa3d53c4c448,RETURN_MADE,10/13/2022
557b7ddc-3a3c-4f43-9615-6314c673d441,ADDED_TO_CART,2/18/2023
7eaffb0c-49fb-48dc-977e-e7626b8f4b35,ADDED_TO_WISHLIST,5/18/2022
8cd00eab-1b0f-4371-9ad6-a29a58e490d9,EXCHANGE_MADE,2/23/2023
d8d95685-e39b-4c29-a4e8-1059fd5d84cd,LOGIN,3/2/2023
4fb6cf2a-7ebd-48af-a2ed-8584bcbf4713,RETURN_MADE,6/28/2022
58b5cd7b-2c7a-4681-a806-c56ab298b2fe,ADDED_TO_CART,5/24/2022
15a31f8c-725f-4a91-9cad-bef2f529c988,ADDED_TO_WISHLIST,5/7/2022
0606074b-c64b-4ebc-861f-c0748054e1a5,LOGIN,6/4/2022
9524dae3-9855-4fa0-b752-93937b78929a,ADDED_TO_WISHLIST,6/29/2022
b4cddb7b-c984-4f89-82c8-93cd1957c283,ADDED_TO_CART,6/17/2022
e623ee4d-0409-4914-93ce-8d4277f0f20a,LOGIN,3/24/2022
efd25378-c03b-4d35-bd47-8354e4bad0f4,ADDED_TO_WISHLIST,1/30/2023
3ccfd99d-ed34-4823-9600-6fd552fe5170,RETURN_MADE,12/17/2022
b508e6ac-1d5d-4397-8e03-3f0f9b768ade,LOGIN,7/15/2022
eeaf23be-c275-4f1c-bc6f-e9e626bfb33e,LOGOUT,12/12/2022
1ddd0025-e86a-42ab-8b85-63c4e3a0fab8,RETURN_MADE,12/30/2022
4b0833a3-7072-412a-b9da-ca48ad66cd53,ADDED_TO_WISHLIST,3/20/2023
d9e206da-f14d-4493-9f85-6ed0c5a99148,EXCHANGE_MADE,11/22/2022
9866696b-0839-4ac3-82d3-7eb2795260c6,EXCHANGE_MADE,6/18/2022
c7e023ba-1643-4306-a1fc-bef605507758,LOGOUT,1/2/2023
c62229c3-30ee-4b11-8f0f-7c6b44dd0b81,LOGIN,6/11/2022
557b7ddc-3a3c-4f43-9615-6314c673d441,EXCHANGE_MADE,5/5/2022
00b4e1fc-1ff8-47f9-99e3-e2675cf948ad,LOGOUT,12/19/2022
19912ed0-a8e7-460d-ae7c-47b085d22ad7,LOGIN,1/19/2023
6a6ca627-de8a-43f5-b9fc-ad4587bbb1c2,ADDED_TO_CART,9/17/2022
3dba8b01-27ba-4320-b261-aadea3103e2a,LOGIN,11/18/2022
56c710d4-39c3-47b5-b908-16c09a3ca688,LOGOUT,3/20/2023
cc09e0d8-9429-45c9-955e-ee2dff2897ab,LOGOUT,6/22/2022
7591c2bc-2e7b-48b0-bc9a-657094ba5437,LOGIN,12/5/2022
15a5289a-60fd-4d8b-802b-2ecbba4d9f87,LOGIN,6/17/2022
6ba438f3-b1f4-47ac-a837-7cf07778dcfd,ADDED_TO_CART,9/12/2022
ea9da1de-d604-4764-b389-4a3a55437a6c,PURCHASE_MADE,2/26/2023
7908ab23-d6f3-470a-8a1d-a8547960a0d1,RETURN_MADE,4/19/2022
8c9c61b9-e721-4cef-8c0c-450490c4240a,RETURN_MADE,12/8/2022
7c9f6ff6-062a-453e-adbd-a4762fc7ef57,ADDED_TO_WISHLIST,4/16/2022
aa5f260e-6b24-4cfd-ada6-12459f903d57,EXCHANGE_MADE,4/17/2022
8d22d0a3-33d7-4a78-88f1-630b7f4018e1,PURCHASE_MADE,11/5/2022
13603e6e-94ca-465e-be5b-f56f82dce92b,EXCHANGE_MADE,6/1/2022
f357959e-13ab-4f3c-8805-d4cf1471e792,LOGIN,8/19/2022
2b9bf541-2d92-43bd-a93c-62bbc7a62a7a,ADDED_TO_CART,5/17/2022
56e09b9e-f703-4912-85ea-2d04a3d782d0,ADDED_TO_WISHLIST,9/7/2022
49129cac-d66d-41f1-8db8-b6cf97e2d0f3,RETURN_MADE,4/11/2022
6f8e3357-8def-4451-a03a-51cd5a4c587a,RETURN_MADE,2/28/2023
7ff22020-c2ec-4840-a461-c21c367c9a17,LOGIN,2/18/2023
e623ee4d-0409-4914-93ce-8d4277f0f20a,ADDED_TO_WISHLIST,11/4/2022
055ffc2d-7e65-4e76-a4ad-734281cc0f69,RETURN_MADE,10/18/2022
0a8d01bf-6cac-4dbe-bd26-a24efdb44450,PURCHASE_MADE,5/10/2022
a30a7177-e1a6-42bd-b2dc-cf578b39d4e8,EXCHANGE_MADE,11/15/2022
d48b2efb-d09d-460f-8713-8a5e654a4678,LOGIN,4/29/2022
5d56fdaf-0896-4d65-8cd7-d345c4bbc0f9,RETURN_MADE,10/14/2022
22abf8e4-f7a9-4a29-895e-1f4e16b9cf19,ADDED_TO_CART,11/25/2022
a75d46ee-2eeb-4f7b-8273-726569d6e734,LOGIN,1/20/2023
e6e882ff-2096-4217-84e0-d894a22504d6,PURCHASE_MADE,10/16/2022
6bfcb3ce-b77d-4c2d-93ef-2e3024c8d617,ADDED_TO_CART,6/30/2022
e5f8f283-c6aa-40c1-9bc0-cf881d139b74,PURCHASE_MADE,10/12/2022
9866696b-0839-4ac3-82d3-7eb2795260c6,ADDED_TO_CART,7/7/2022
a8df5510-4cb1-4c9d-9018-9eb703c5505a,PURCHASE_MADE,2/22/2023
5c933047-df84-4855-9430-165935cd77f2,RETURN_MADE,5/5/2022
aa52a0fb-6b14-4861-8cff-fd11611fa744,LOGIN,6/20/2022
caafd969-4ab4-490e-bc1f-f44e00e512e6,LOGIN,10/13/2022
022bf40f-e45c-43f3-aeda-aea9f5763d9a,LOGOUT,6/10/2022
b996db49-46a1-4456-80be-abc754e9ace2,LOGOUT,4/12/2022
b857e741-9ae0-4b56-bbc6-e24393148c31,RETURN_MADE,5/3/2022
022bf40f-e45c-43f3-aeda-aea9f5763d9a,LOGIN,1/12/2023
3eee82d1-9bf0-4c50-9669-347722abbaf2,RETURN_MADE,6/5/2022
ffc91679-aed6-4c78-8727-e560b597bdce,RETURN_MADE,11/28/2022
31407506-de51-4208-8086-86ac9c0d2fe6,RETURN_MADE,9/13/2022
494a3077-a128-4b0b-8492-ed01afd49804,LOGIN,8/21/2022
53274748-9c49-441a-8d22-3c0d1c4d76b5,PURCHASE_MADE,6/22/2022
ed446cac-0f1c-4459-8944-05b6fdc6f4ea,ADDED_TO_WISHLIST,11/4/2022
f0e1b300-2a74-4dfd-8603-78fed84ff659,LOGOUT,9/27/2022
769f623b-439f-4981-bdea-2bf84d232278,ADDED_TO_CART,11/6/2022
bba22a36-f3ef-49c5-a8ba-8c9ff07e06b9,ADDED_TO_CART,10/31/2022
ec4d34bb-ffca-4a3d-a153-058d85e82959,RETURN_MADE,4/8/2022
c7bbe438-43db-47b8-a99c-9c695e19cb9a,ADDED_TO_CART,3/16/2023
6cbd7bce-1c6f-4e1a-beac-39c181534de1,LOGOUT,2/25/2023
20f11cad-92e2-487c-9eb5-99d76c9fcaf6,RETURN_MADE,4/3/2022
f12c8ee9-18dd-4ea7-b1ae-9cbbe8f528b5,EXCHANGE_MADE,11/27/2022
c7e023ba-1643-4306-a1fc-bef605507758,ADDED_TO_WISHLIST,8/13/2022
48a08322-1978-4f50-bd61-d3fa8d698a79,LOGOUT,11/3/2022
486fd6ea-33e6-4fc0-b220-94e28ee7bf2e,LOGOUT,3/31/2022
e27678c9-af60-47c2-9d7b-cb66d993a5d9,PURCHASE_MADE,12/20/2022
ddacbcb2-f30c-423e-a241-72cd4a92c508,EXCHANGE_MADE,2/4/2023
3476fd72-24fd-498c-8a59-201ab8310eda,ADDED_TO_WISHLIST,9/12/2022
2b10ebec-bb74-4f36-8484-df30156f94a7,ADDED_TO_CART,2/19/2023
3d4c0fec-b014-430b-bcda-02fe897e9a2c,PURCHASE_MADE,7/23/2022
13603e6e-94ca-465e-be5b-f56f82dce92b,LOGOUT,2/7/2023
b6d23292-56b5-4179-8e3e-012984503c3e,ADDED_TO_CART,7/31/2022
d9d280dc-7e70-4faf-a2fe-0692a948ed11,LOGOUT,6/25/2022
9998536a-8fbc-4b27-8f56-61d381cc2e0b,LOGIN,12/8/2022
0702ecff-3677-4552-a232-e78e36affc30,EXCHANGE_MADE,11/2/2022
3f14ceeb-9a16-4633-8e37-b46b4b4b930c,LOGIN,8/15/2022
430017c5-aaba-453b-85a9-512c59e2495a,LOGIN,1/29/2023
56492b57-8801-42ae-8f18-85bb1a2b3bcf,PURCHASE_MADE,6/25/2022
d8b0dae2-04e4-45e5-a0d0-e74fb9ca7df1,ADDED_TO_CART,2/20/2023
86dc574d-cfbb-431c-9667-4bbf8fe446f0,ADDED_TO_CART,11/19/2022
1080d5fb-822c-482a-a0d5-523547f6d730,LOGIN,11/6/2022
8e05eaa2-8c43-42c1-82d4-9d7979fc1f24,RETURN_MADE,8/22/2022
2e723164-ffc9-4a4b-99b2-e4e08baa9859,ADDED_TO_WISHLIST,12/6/2022
c6d8c1e3-b67e-45aa-8106-77c30d8a4936,LOGOUT,7/8/2022
216ff823-0094-41a4-b2e3-e2a6560e7959,ADDED_TO_CART,9/17/2022
8191b1b4-a9f1-48d1-b255-577052149c39,LOGIN,7/1/2022
5deca655-4c1e-4c27-96b1-b2a7fde11108,LOGIN,7/4/2022
cb1b1936-0c9d-4a02-8018-fd01f424a9d2,LOGIN,12/1/2022
8921c169-b444-438e-8567-23f2f01267b6,ADDED_TO_CART,4/22/2022
57815ab0-350b-43d8-933e-e72a83a0f9c7,RETURN_MADE,7/23/2022
dd421b6a-d591-4690-8da1-0629a5483fe5,EXCHANGE_MADE,10/25/2022
6cbd7bce-1c6f-4e1a-beac-39c181534de1,LOGIN,5/31/2022
8ab03021-0f58-4fe6-a28c-8764ab5f44ca,ADDED_TO_CART,8/6/2022
31407506-de51-4208-8086-86ac9c0d2fe6,EXCHANGE_MADE,9/4/2022
8ce33539-53b8-4467-833f-4025c31ea83e,RETURN_MADE,6/5/2022
3614da12-6a3f-4a97-abf4-2403dcb965b0,ADDED_TO_CART,10/14/2022
b4cddb7b-c984-4f89-82c8-93cd1957c283,LOGOUT,2/13/2023
8191b1b4-a9f1-48d1-b255-577052149c39,EXCHANGE_MADE,1/6/2023
62953074-f0b1-4b87-afbd-341872bbc437,ADDED_TO_CART,9/7/2022
76be82f8-152d-491d-842b-363f6bc46c8d,EXCHANGE_MADE,9/14/2022
dcdacbde-0cbf-4d54-8db0-9d79e522a47a,LOGIN,11/1/2022
8385cb23-7f33-4ea8-bf4c-7efba03cb1ed,LOGIN,1/5/2023
c9e37d20-e32f-4bbf-94b6-3f10a1b8874e,LOGIN,6/20/2022
3642c4f7-b1c6-4dab-b203-6178de67dbed,EXCHANGE_MADE,10/6/2022
97f4e9a1-92ad-4a0b-bc94-f0c8cd2b6f7e,EXCHANGE_MADE,9/21/2022
e0d6c1e3-392b-4222-a234-31961ed0169d,LOGIN,10/18/2022
68fd5085-807c-4050-a1c1-0375ddb6a2cf,ADDED_TO_WISHLIST,1/16/2023
6f8e3357-8def-4451-a03a-51cd5a4c587a,RETURN_MADE,9/26/2022
3e33d2d1-955a-46b7-8fdf-191dc5583a12,PURCHASE_MADE,5/19/2022
6ba438f3-b1f4-47ac-a837-7cf07778dcfd,ADDED_TO_WISHLIST,11/15/2022
6bfcb3ce-b77d-4c2d-93ef-2e3024c8d617,LOGIN,2/8/2023
31f00307-af72-48be-b763-f4c814901229,RETURN_MADE,1/2/2023
48a08322-1978-4f50-bd61-d3fa8d698a79,PURCHASE_MADE,8/31/2022
fbd4ec23-9b68-4a2d-b0b0-fd7d0a5c6b91,LOGIN,6/9/2022
4cba5eb0-6db2-4b94-9dde-bb424e7b3ec2,LOGOUT,10/22/2022
3e33d2d1-955a-46b7-8fdf-191dc5583a12,LOGIN,11/29/2022
92e19a3c-a6fa-4d33-8aaf-5c6d66c1e853,RETURN_MADE,3/12/2023
7a4e59fe-d7c4-4537-929b-0bc6a23fe4b2,EXCHANGE_MADE,11/14/2022
768748a3-216b-4e8e-969c-f390393e946a,ADDED_TO_CART,6/8/2022
111bb27f-02f9-4ed4-a73e-c187fceee036,LOGIN,1/14/2023
4d1b9c0d-6a58-4c9a-aff1-d7c70c78fb11,ADDED_TO_CART,8/26/2022
49843153-b583-498a-ad03-8438eb8df73d,ADDED_TO_CART,1/12/2023
18ac6bfc-90fa-4caa-8597-5c9f31a5d578,LOGOUT,7/15/2022
01074dc4-3f33-4df0-ad55-5806c19f48e6,ADDED_TO_CART,10/28/2022
43fab9b9-87ea-4e10-a66b-0c32ef81d3d8,ADDED_TO_CART,3/8/2023
4462f174-2d22-419b-914d-d8a9f72aa603,PURCHASE_MADE,1/24/2023
0f037285-fb19-4200-af42-4d48f65aa5e7,LOGIN,5/9/2022
12a89a32-a97c-48af-9294-eb64a351a12b,ADDED_TO_CART,12/26/2022
57252e26-51d5-4171-92bd-4f06ad049017,EXCHANGE_MADE,2/26/2023
57252e26-51d5-4171-92bd-4f06ad049017,ADDED_TO_WISHLIST,8/26/2022
d761ce9f-8c59-4c27-8a9f-282fbb2d4908,EXCHANGE_MADE,5/2/2022
bb1027cd-14be-432a-b413-ef8b70b4db49,LOGOUT,9/25/2022
1bfabd79-7a8f-496e-b0c2-1ccb63db8f52,ADDED_TO_CART,8/10/2022
ed446cac-0f1c-4459-8944-05b6fdc6f4ea,RETURN_MADE,7/5/2022
e1d7f7bb-56f9-47bd-8840-71ea54b64c5b,LOGIN,7/12/2022
32e22b97-4513-457e-aa85-62be76cb2155,LOGIN,12/15/2022
0e302d54-d317-4dfa-a571-f8d1ca209d1f,LOGOUT,12/20/2022
8b0c1472-1ecc-4cd3-b11f-5a89361634ac,LOGOUT,3/31/2022
68f917fb-865c-4041-a0f7-43301ed855fe,PURCHASE_MADE,7/23/2022
b4572209-599f-48af-aee3-ccac1595ef00,EXCHANGE_MADE,5/31/2022
b8221965-118a-40dd-9216-e1deee67f2a8,EXCHANGE_MADE,11/13/2022
6aa0ef56-6e46-45cc-b17b-58c894f322e4,LOGIN,8/8/2022
572617fc-e77b-44d9-b502-e16f60ed0a0a,RETURN_MADE,5/8/2022
a7570dc6-9665-4535-aff0-0bac6967d163,EXCHANGE_MADE,7/15/2022
512a921d-e008-4610-9677-06dcc4ff9bf0,ADDED_TO_WISHLIST,10/10/2022
7a5869f4-bb63-4ac9-8027-699b3c31b4f5,EXCHANGE_MADE,12/25/2022
6bce9478-d504-462e-9ea5-c4fe1f073a0a,ADDED_TO_WISHLIST,6/11/2022
c3ad12ac-3bca-4655-89ae-13fc7ddef518,RETURN_MADE,3/2/2023
5038d0b0-0b2a-448c-bd87-1c50f6c225b9,LOGIN,8/11/2022
b9813156-c9ae-4f96-9283-13754cdbe67c,RETURN_MADE,10/30/2022
126fd7de-347f-4285-8bfe-16d4cd88a970,LOGIN,8/6/2022
b2978db1-7af5-4fdc-990c-ef9077209872,ADDED_TO_CART,1/9/2023
1e77eb97-7b7d-467d-8688-aa3d53c4c448,EXCHANGE_MADE,8/10/2022
fca78a9e-ed67-46e3-877f-0298900fc03c,ADDED_TO_CART,6/18/2022
2061164a-446b-41a6-b177-2f1f01410d62,EXCHANGE_MADE,6/30/2022
d905f330-c355-4fd4-8d3b-1a2711cacb76,ADDED_TO_WISHLIST,1/24/2023
483b3c54-2806-4efb-8e8d-08d3dd040fbe,ADDED_TO_WISHLIST,7/7/2022
d1832161-5323-4165-ae2c-058884d6a42b,LOGIN,12/31/2022
2816cfad-ecdc-4cdf-a829-dda82ecd4b12,EXCHANGE_MADE,3/14/2023
90079a2d-0a0b-4a05-b40c-13f12cea2f2a,LOGOUT,5/13/2022
17b1e111-97f1-4854-98c3-e181266b4d98,ADDED_TO_WISHLIST,2/5/2023
c902e84b-f752-4543-953a-9d88dbd7413b,PURCHASE_MADE,5/25/2022
2bfa2ce4-d344-4174-978d-1e0e5df6899b,LOGIN,9/23/2022
b937eda4-f34a-4246-a6c0-589d9436e33a,ADDED_TO_WISHLIST,8/28/2022
893859cb-96f1-47a5-8811-36232d8fae53,ADDED_TO_WISHLIST,10/20/2022
6fc7c275-8098-4213-a7dd-348f612a2317,ADDED_TO_CART,2/9/2023
a1bd08b3-2cb2-4b89-9fe7-7a74f9a0cdde,EXCHANGE_MADE,2/24/2023
9864babf-b67f-4ed1-8954-d639d92ba8fd,LOGIN,5/11/2022
44236a40-894e-496d-a447-ecab9f1cefd5,PURCHASE_MADE,8/27/2022
7908ab23-d6f3-470a-8a1d-a8547960a0d1,LOGOUT,3/4/2023
4c1eeb86-d8e7-454e-8ba2-3622569ba146,RETURN_MADE,5/7/2022
cbaab9a8-d14f-439b-9bfd-2f8aec2dd06b,ADDED_TO_CART,3/5/2023
efd25378-c03b-4d35-bd47-8354e4bad0f4,ADDED_TO_WISHLIST,9/3/2022
f56fa3b7-2681-4392-88c8-ff6727d46822,LOGIN,1/7/2023
a1bd08b3-2cb2-4b89-9fe7-7a74f9a0cdde,LOGIN,10/2/2022
b8d0e989-54ad-4f92-8222-671cb751bddd,ADDED_TO_WISHLIST,9/23/2022
6c390d91-bf2d-4d00-9a46-f50bc55728b7,EXCHANGE_MADE,8/5/2022
23dd5760-cc33-442b-b50e-71cde5bd51b0,RETURN_MADE,5/8/2022
81eb35dd-3396-4d48-8d2b-90c34df09884,ADDED_TO_WISHLIST,3/16/2023
f6279e50-f2df-4a80-9d1d-aaccd18cc257,LOGOUT,6/2/2022
e6cef275-8457-409f-a1d5-790ef9b4abe3,LOGIN,9/28/2022
b76faa65-7986-4b50-98ea-aec74c61855d,EXCHANGE_MADE,2/1/2023
8b7d925a-2ba1-41ab-84e2-fb7819a1e666,LOGIN,7/2/2022
d9d280dc-7e70-4faf-a2fe-0692a948ed11,RETURN_MADE,6/9/2022
201806de-ab76-4d45-8e95-68a27a3c65d8,RETURN_MADE,3/11/2023
843c31e1-3098-41d8-855a-e6149156a80c,ADDED_TO_WISHLIST,9/16/2022
78c4aa64-989a-45f1-b99b-3cadd29d06d2,LOGOUT,6/13/2022
2b2b3a68-8fa7-4d70-91e9-61008fe54d2c,RETURN_MADE,12/26/2022
44043005-1849-4d7e-8ec5-495e16a8ff52,ADDED_TO_CART,8/12/2022
c62229c3-30ee-4b11-8f0f-7c6b44dd0b81,ADDED_TO_CART,1/29/2023
2b9bf541-2d92-43bd-a93c-62bbc7a62a7a,ADDED_TO_WISHLIST,8/16/2022
6bfcb3ce-b77d-4c2d-93ef-2e3024c8d617,PURCHASE_MADE,8/27/2022
eb1347b7-7d51-4984-9e5d-fd872fdcb55c,ADDED_TO_CART,7/6/2022
8867bd49-d5e9-4031-8178-b852c96037b0,ADDED_TO_CART,9/24/2022
647eeb9c-ad93-476b-8d42-83a4d9f8bc6a,RETURN_MADE,4/15/2022
5fe9f807-d52d-4684-814b-64e9904d145d,PURCHASE_MADE,2/3/2023
ccb15d75-1a80-4bae-b612-5bfbc8ac20f3,RETURN_MADE,8/7/2022
6071aacc-0e2d-463c-8e4e-6da4e3981267,ADDED_TO_CART,6/22/2022
14fa8c07-eda8-425c-bda3-c5256ce258a8,ADDED_TO_CART,10/2/2022
2b10ebec-bb74-4f36-8484-df30156f94a7,LOGIN,8/31/2022
8c61f259-d668-479e-aac3-d0b263c1db29,EXCHANGE_MADE,6/15/2022
917b6bf0-b4aa-4277-b831-bbf2f16940f2,ADDED_TO_WISHLIST,6/22/2022
944dbe60-715c-497c-a78b-29f45f8257b5,ADDED_TO_WISHLIST,7/7/2022
ead543bb-4131-4171-a6ad-582e7b8feccf,EXCHANGE_MADE,10/9/2022
25fa3a10-9735-4692-b7e5-aaca18473629,RETURN_MADE,9/3/2022
b75671ef-eaf2-48b6-b78d-e304e024e6be,ADDED_TO_WISHLIST,8/26/2022
8f6f8470-cdd1-45ab-8dbd-2d34147e75c0,ADDED_TO_CART,1/8/2023
a1194578-c07e-40f2-a4aa-f761f57bb0b1,RETURN_MADE,12/4/2022
6a6ca627-de8a-43f5-b9fc-ad4587bbb1c2,EXCHANGE_MADE,10/12/2022
dc7ad030-07a0-4cb6-81d2-1d6386c913b8,LOGOUT,2/8/2023
dc7ad030-07a0-4cb6-81d2-1d6386c913b8,ADDED_TO_CART,3/2/2023
b3255a9a-f37f-4166-92e6-34f19167b822,EXCHANGE_MADE,11/16/2022
495c94c9-16de-4901-a412-f65efc0864b2,LOGIN,3/8/2023
402525ea-f977-46b9-975b-309399cddef1,RETURN_MADE,2/19/2023
f58c24b4-68e0-4361-835d-42dc2994b6c5,LOGOUT,1/14/2023
1b6021af-def1-4a98-b3fb-7dc0e6f0502e,PURCHASE_MADE,8/17/2022
769f623b-439f-4981-bdea-2bf84d232278,PURCHASE_MADE,12/25/2022
79b204ae-4b71-449a-89f9-b320f97a1b0b,LOGIN,8/31/2022
3c357763-23af-4ffc-8f65-353bfa2163a8,EXCHANGE_MADE,11/7/2022
0f037285-fb19-4200-af42-4d48f65aa5e7,LOGOUT,11/20/2022
e82ab029-a3bb-4cf1-bb82-f30fa4f03181,LOGIN,10/26/2022
462d2995-bdcb-45fe-bbb7-166510c26db2,RETURN_MADE,6/6/2022
660066c1-f5cf-47ec-a109-0f4aebc6eec6,PURCHASE_MADE,12/1/2022
0a84337f-43ee-49f1-8516-6f2596c50f25,ADDED_TO_WISHLIST,3/6/2023
3f9435f0-ef07-48d3-aecd-88b58d642c78,PURCHASE_MADE,10/3/2022
68d6d94f-cf84-4374-b39f-cc9cb028b963,EXCHANGE_MADE,11/2/2022
dcd5892f-cec5-4a61-ba3b-d5dbf962af94,ADDED_TO_CART,8/9/2022
1535e852-11d3-457a-ba8c-e5364646f314,PURCHASE_MADE,9/21/2022
aebae47e-ef62-41d0-b8f2-b861ffb6629d,ADDED_TO_CART,5/12/2022
4c1eeb86-d8e7-454e-8ba2-3622569ba146,RETURN_MADE,6/30/2022
bd34f82a-1e19-4b20-b29a-1736d9ab209c,ADDED_TO_WISHLIST,8/19/2022
f4f41188-7528-4091-bec7-06e3cae6ea11,ADDED_TO_CART,10/7/2022
56388196-b67f-470a-95fd-f15da48e5d40,LOGOUT,12/2/2022
441dc003-e1c3-43b9-b956-1b8e1d1f6fef,LOGOUT,1/25/2023
290171ce-794a-4b54-8dc0-f96ed9be24b8,LOGIN,8/31/2022
ddacbcb2-f30c-423e-a241-72cd4a92c508,EXCHANGE_MADE,6/16/2022
29b567cc-d4c7-46c7-86ad-9f3f8807a7d4,LOGIN,6/2/2022
eb1347b7-7d51-4984-9e5d-fd872fdcb55c,PURCHASE_MADE,12/2/2022
5212cdb2-2ab4-4708-99f9-745074c3dbfc,PURCHASE_MADE,12/3/2022
cc09e0d8-9429-45c9-955e-ee2dff2897ab,ADDED_TO_CART,9/19/2022
4afb303f-298b-4829-8250-787c1c7d5a4b,ADDED_TO_CART,2/16/2023
9c8b719b-9b0c-4eb0-a465-8ff415bfd359,LOGIN,2/25/2023
f0a694af-1ea0-4d5b-ba79-9e7506cddad8,LOGIN,12/24/2022
10adb458-3617-4832-9f86-1d74b800599c,LOGOUT,8/3/2022
2b9bf541-2d92-43bd-a93c-62bbc7a62a7a,EXCHANGE_MADE,8/15/2022
055ffc2d-7e65-4e76-a4ad-734281cc0f69,RETURN_MADE,2/10/2023
c4efb6ad-eaaf-4e11-8943-7ddbf94a2228,PURCHASE_MADE,1/31/2023
2630a254-16ea-444d-ab99-821a7276e77f,RETURN_MADE,7/3/2022
6c5348e9-961b-481f-882a-5ce91a769b36,ADDED_TO_CART,12/2/2022
59a8ed1d-a062-4134-9014-7213a0604526,EXCHANGE_MADE,9/26/2022
75ebfa99-0440-4ab3-836a-4751385715cb,PURCHASE_MADE,9/21/2022
72a40745-3b3e-48d7-92cf-b72f0fe5d00b,PURCHASE_MADE,11/25/2022
28da10b2-29a6-4a98-bbd1-b7f75ad380e6,LOGOUT,8/23/2022
3d4c0fec-b014-430b-bcda-02fe897e9a2c,ADDED_TO_CART,2/14/2023
d8818a54-59c3-4268-9e71-adee9f066352,ADDED_TO_WISHLIST,4/1/2022
3db5df35-7a2f-452b-b482-9dd470bacc2b,ADDED_TO_WISHLIST,3/25/2022
fe9b4bbb-f553-444b-af59-992d4f8b7059,PURCHASE_MADE,10/24/2022
21116cd4-4a3a-449a-96f5-314b9df78840,LOGOUT,5/21/2022
530c371d-fc30-4aa2-be96-2a1075de0afd,EXCHANGE_MADE,12/17/2022
cbc59e48-22c5-4fb7-b9a7-aa23afd57f55,RETURN_MADE,8/31/2022
f180f05c-33c8-4130-998a-3f68a7b05d06,LOGOUT,10/11/2022
1cc230b3-a103-485f-816f-58993049ce75,ADDED_TO_WISHLIST,1/13/2023
4462f174-2d22-419b-914d-d8a9f72aa603,ADDED_TO_WISHLIST,1/27/2023
1067f2c2-1636-4914-bc9f-97a2972a8373,RETURN_MADE,8/4/2022
74c023d3-4fd8-49af-b39c-75112d4bb111,EXCHANGE_MADE,9/13/2022
1cb9ec01-51ff-443f-8837-6cb641d01543,ADDED_TO_CART,8/23/2022
9ba916b0-3fe7-454c-a923-e37cd9db0cbb,ADDED_TO_CART,4/21/2022
c5700caf-1b6e-4e8f-adeb-d2d2a50ab04a,PURCHASE_MADE,6/4/2022
c9e37d20-e32f-4bbf-94b6-3f10a1b8874e,PURCHASE_MADE,4/30/2022
23dd5760-cc33-442b-b50e-71cde5bd51b0,PURCHASE_MADE,2/8/2023
fa5cb863-6fe0-4698-ba43-532cb8a56e92,EXCHANGE_MADE,10/9/2022
9102d65d-8048-45c0-b63a-a8301f4dcf53,EXCHANGE_MADE,2/8/2023
20f282a3-aae0-4e90-bc60-69ff4d806cb3,ADDED_TO_WISHLIST,12/16/2022
33e13903-c6dd-4d54-975c-0fefab61aa41,ADDED_TO_WISHLIST,10/17/2022
ead543bb-4131-4171-a6ad-582e7b8feccf,ADDED_TO_WISHLIST,12/14/2022
9fcfb51a-30ac-4f91-b195-4e1ffd70097c,LOGIN,9/18/2022
274ee1b3-63e0-43b4-a5cc-c3e472e50636,ADDED_TO_WISHLIST,8/21/2022
4a2240eb-a8ea-4da9-bea1-d13c3634120d,ADDED_TO_WISHLIST,10/19/2022
867822cc-9427-460b-b4a7-b9dddf6f93fd,PURCHASE_MADE,8/13/2022
c1df6b57-5ae8-490b-a167-30a082b52e77,ADDED_TO_WISHLIST,6/1/2022
9e9ca154-51a0-47a6-a642-4dc02936ed8e,LOGIN,2/13/2023
346d2647-41a2-4fbd-968d-2a2acddbde5e,LOGOUT,9/7/2022
b9b36db5-8f41-4877-9119-25de9c14fe06,EXCHANGE_MADE,10/4/2022
54aa470f-f26b-45d0-a091-3033549a54be,LOGIN,4/12/2022
2286bd35-a347-472a-aae2-d7b126b7c30b,PURCHASE_MADE,4/6/2022
b48b5c24-fb9e-4fbf-83b0-73d9a93a2553,LOGIN,6/21/2022
b9b7ec73-7746-447e-a5f8-1ed774c0f336,LOGIN,12/11/2022
ffc91679-aed6-4c78-8727-e560b597bdce,ADDED_TO_WISHLIST,5/29/2022
bba22a36-f3ef-49c5-a8ba-8c9ff07e06b9,ADDED_TO_CART,1/1/2023
ddacbcb2-f30c-423e-a241-72cd4a92c508,LOGOUT,4/23/2022
4df58baf-0bf4-42e5-9e9b-cc9b0027aca7,ADDED_TO_CART,2/26/2023
69003041-e46a-407d-8c52-a21056e1f63b,ADDED_TO_WISHLIST,5/8/2022
19912ed0-a8e7-460d-ae7c-47b085d22ad7,PURCHASE_MADE,2/8/2023
22abf8e4-f7a9-4a29-895e-1f4e16b9cf19,PURCHASE_MADE,8/6/2022
96ff5cfe-adb8-4a94-989c-be8007c4efe7,LOGOUT,1/21/2023
